{"type": "FeatureCollection", "features": [{"type": "Feature", "properties": {"id": 1, "project": "Pasay 360-Hectare Reclamation Project", "name": "Island A", "location": "Pasay City", "proponent": "Pasay City", "private_partner": "SM Prime Holdings, Inc.", "class_type": "Ongoing Reclamation Projects (c/o Reclamation Department)", "ongoing": "Yes", "area_project_has": 360.0, "area_polygon_has": 59.911}, "geometry": {"type": "Polygon", "coordinates": [[[120.9715192, 14.5541119], [120.9755479, 14.555186], [120.9756914, 14.5551649], [120.9758263, 14.5550976], [120.9759089, 14.5550007], [120.9759617, 14.554877], [120.9764724, 14.5533807], [120.9770144, 14.5515976], [120.9781676, 14.5472148], [120.9788235, 14.5448737], [120.978816, 14.5447657], [120.9787725, 14.5446647], [120.9786985, 14.5445805], [120.9786159, 14.5445426], [120.9744794, 14.5435448], [120.9715192, 14.5541119]]]}}, {"type": "Feature", "properties": {"id": 1, "project": "Pasay 360-Hectare Reclamation Project", "name": "Island B", "location": "Pasay City", "proponent": "Pasay City", "private_partner": "SM Prime Holdings, Inc.", "class_type": "Ongoing Reclamation Projects (c/o Reclamation Department)", "ongoing": "Yes", "area_project_has": 360.0, "area_polygon_has": 153.495}, "geometry": {"type": "Polygon", "coordinates": [[[120.9744794, 14.5435448], [120.9744779, 14.5435502], [120.9630724, 14.5408437], [120.9628917, 14.5408218], [120.9626601, 14.5408437], [120.9623891, 14.5409694], [120.9621801, 14.5411443], [120.9620389, 14.5413901], [120.9599619, 14.5456428], [120.9594536, 14.5465009], [120.9593294, 14.5467523], [120.9592447, 14.5471459], [120.9592446, 14.5477089], [120.9593575, 14.5482118], [120.9595721, 14.5485849], [120.9599843, 14.549055], [120.9604756, 14.5493557], [120.9715192, 14.5541119], [120.9744794, 14.5435448]]]}}, {"type": "Feature", "properties": {"id": 1, "project": "Pasay 360-Hectare Reclamation Project", "name": "Island C", "location": "Pasay City", "proponent": "Pasay City", "private_partner": "SM Prime Holdings, Inc.", "class_type": "Ongoing Reclamation Projects (c/o Reclamation Department)", "ongoing": "Yes", "area_project_has": 360.0, "area_polygon_has": 146.55}, "geometry": {"type": "Polygon", "coordinates": [[[120.976327, 14.5402029], [120.9766556, 14.5309761], [120.9765864, 14.5307752], [120.9764826, 14.5306245], [120.9763788, 14.5305352], [120.9761504, 14.5304496], [120.9636677, 14.5304047], [120.9634487, 14.5304996], [120.9632008, 14.5306949], [120.9630336, 14.5309683], [120.9629875, 14.5311915], [120.9630715, 14.5339261], [120.9630138, 14.5355891], [120.9628696, 14.5369663], [120.9627946, 14.5375132], [120.962835, 14.5377532], [120.9629042, 14.5378759], [120.9630252, 14.538021], [120.9631751, 14.5381271], [120.9633019, 14.5381829], [120.9755027, 14.5408], [120.9757448, 14.5407777], [120.9760042, 14.5406717], [120.9762233, 14.5404485], [120.976327, 14.5402029]]]}}, {"type": "Feature", "properties": {"id": 2, "project": "Pasay Harbor City Reclamation Project (265 Has)", "name": "Island A", "location": "Pasay City", "proponent": "Pasay City", "private_partner": "Pasay Harbour City Corporation", "class_type": "Ongoing Reclamation Projects (c/o Reclamation Department)", "ongoing": "No", "area_project_has": 265.0, "area_polygon_has": 209.476}, "geometry": {"type": "Polygon", "coordinates": [[[120.9337401, 14.5542237], [120.9437675, 14.5543224], [120.9461825, 14.5539587], [120.9484058, 14.5529684], [120.9530026, 14.5498032], [120.9534745, 14.5486893], [120.9527437, 14.5477274], [120.9397102, 14.5424732], [120.9387261, 14.5425538], [120.9378948, 14.5430739], [120.9354545, 14.5456156], [120.9326918, 14.5478223], [120.9322446, 14.5483057], [120.9320126, 14.5489167], [120.9319756, 14.5526051], [120.9325368, 14.5537411], [120.9337401, 14.5542237]]]}}, {"type": "Feature", "properties": {"id": 2, "project": "Pasay Harbor City Reclamation Project (265 Has)", "name": "Island B", "location": "Pasay City", "proponent": "Pasay City", "private_partner": "Pasay Harbour City Corporation", "class_type": "Ongoing Reclamation Projects (c/o Reclamation Department)", "ongoing": "Yes", "area_project_has": 265.0, "area_polygon_has": 57.059}, "geometry": {"type": "Polygon", "coordinates": [[[120.9512802, 14.5543911], [120.9633082, 14.5544915], [120.9646293, 14.5523508], [120.9569382, 14.5494232], [120.9560667, 14.5494271], [120.9552641, 14.549756], [120.9508026, 14.5530324], [120.9505774, 14.5538642], [120.9512802, 14.5543911], [120.9505774, 14.5538642], [120.9512802, 14.5543911]]]}}, {"type": "Feature", "properties": {"id": 3, "project": "Samar Province Reclamation Project (40 Has)", "name": "Mercedes", "location": "Catbalogan City", "proponent": "Samar Province", "private_partner": "n/a", "class_type": "Ongoing Reclamation Projects (c/o Reclamation Department)", "ongoing": "Yes", "area_project_has": 40.0, "area_polygon_has": 21.542}, "geometry": {"type": "Polygon", "coordinates": [[[124.8789914, 11.7789264], [124.878999, 11.778879], [124.8788189, 11.7787877], [124.8785852, 11.7787345], [124.8781176, 11.7787459], [124.8706088, 11.7830529], [124.871384, 11.7833451], [124.8708927, 11.7843071], [124.870993, 11.7843433], [124.8711202, 11.7840994], [124.8711855, 11.7841219], [124.8712084, 11.7840962], [124.8712737, 11.7841219], [124.871335, 11.7840642], [124.8714939, 11.7841412], [124.871239, 11.7847653], [124.871313, 11.7848103], [124.8715369, 11.7842286], [124.8715874, 11.7842482], [124.8715347, 11.7843962], [124.8715599, 11.7844261], [124.8716381, 11.7842547], [124.8717047, 11.7842678], [124.8716592, 11.7844395], [124.8717393, 11.7844595], [124.8717291, 11.7847033], [124.8719183, 11.7847549], [124.8719259, 11.7848906], [124.872025, 11.7849222], [124.872041, 11.785114], [124.8720842, 11.7851104], [124.8720995, 11.7848486], [124.8722039, 11.7848242], [124.8722123, 11.7849011], [124.8722846, 11.7848976], [124.8723018, 11.7850389], [124.8723758, 11.785071], [124.8723926, 11.7848312], [124.8724714, 11.7848243], [124.8724891, 11.7849468], [124.8725781, 11.7849503], [124.8725931, 11.7850925], [124.8726198, 11.7850818], [124.8726202, 11.7850425], [124.8726568, 11.7850283], [124.8726794, 11.7851176], [124.8727194, 11.7851069], [124.872665, 11.784793], [124.872861, 11.7847308], [124.8728313, 11.7845908], [124.872941, 11.7845603], [124.8729942, 11.784693], [124.8731529, 11.7846588], [124.8730911, 11.7844595], [124.8731707, 11.7844262], [124.8731563, 11.78435], [124.8732572, 11.7843039], [124.8733034, 11.7843632], [124.8734256, 11.7842973], [124.873388, 11.7842189], [124.873617, 11.7841059], [124.873645, 11.7841638], [124.8738053, 11.7840995], [124.8740408, 11.7845874], [124.8741084, 11.7845772], [124.874071, 11.7845064], [124.8741119, 11.7844729], [124.8740811, 11.7844062], [124.8741407, 11.7843665], [124.8741828, 11.7844395], [124.8742243, 11.7844262], [124.8742837, 11.7845266], [124.8743218, 11.784493], [124.8742526, 11.7843897], [124.8743097, 11.7843632], [124.8742766, 11.7842941], [124.8744512, 11.7841606], [124.8744499, 11.7841123], [124.8745056, 11.7840803], [124.8745786, 11.784193], [124.8746159, 11.7841768], [124.8743851, 11.7837691], [124.8745658, 11.7836373], [124.8745449, 11.7835617], [124.8747644, 11.7834301], [124.8750774, 11.783928], [124.8751436, 11.7838903], [124.8750471, 11.783729], [124.8751017, 11.7836922], [124.8752172, 11.783856], [124.8752567, 11.783831], [124.875205, 11.7837567], [124.8752837, 11.7837106], [124.8753352, 11.7837753], [124.8753833, 11.7837413], [124.8753348, 11.783677], [124.8754006, 11.7836343], [124.8754537, 11.783729], [124.8754895, 11.7837045], [124.8754334, 11.7836131], [124.8754897, 11.7835737], [124.8755465, 11.7836739], [124.875588, 11.7836465], [124.8750584, 11.7829188], [124.8752648, 11.7827593], [124.8755183, 11.7831491], [124.8756933, 11.7830668], [124.8758365, 11.7832473], [124.8759651, 11.7831373], [124.8760374, 11.7831314], [124.8761121, 11.7832144], [124.8761748, 11.7831817], [124.8762216, 11.7832234], [124.8763358, 11.7831226], [124.8762259, 11.7829939], [124.8763207, 11.7828958], [124.8763703, 11.7829418], [124.876413, 11.7828958], [124.876207, 11.7826975], [124.8762365, 11.7826507], [124.8763543, 11.7827403], [124.8763879, 11.7827044], [124.8754394, 11.7818775], [124.875713, 11.7815643], [124.8758703, 11.7816939], [124.8763882, 11.7811275], [124.8772997, 11.7818002], [124.8773973, 11.7816528], [124.8774942, 11.7817078], [124.8775298, 11.7816711], [124.8775958, 11.7817108], [124.8776301, 11.7816497], [124.8770475, 11.7812776], [124.877288, 11.7809623], [124.8774323, 11.7806982], [124.8776389, 11.7804529], [124.8780695, 11.7807675], [124.8781129, 11.7807019], [124.8771385, 11.7799348], [124.877356, 11.7796582], [124.8784181, 11.7805133], [124.8784145, 11.780229], [124.8784793, 11.7800516], [124.8785424, 11.7800855], [124.87857, 11.7800117], [124.8784385, 11.7799506], [124.8784609, 11.7798929], [124.8786008, 11.7799475], [124.878628, 11.7798748], [124.8784952, 11.7798357], [124.8785168, 11.7797699], [124.8784914, 11.7797402], [124.8785024, 11.7797135], [124.878367, 11.7796427], [124.8783837, 11.7796018], [124.8786126, 11.779681], [124.8786356, 11.7795959], [124.8786751, 11.7796047], [124.8786941, 11.7795668], [124.8784094, 11.7794829], [124.8784496, 11.7793232], [124.8787528, 11.779397], [124.8787575, 11.7793515], [124.8785526, 11.7792978], [124.8785608, 11.7792613], [124.8786696, 11.7792585], [124.8786071, 11.7792194], [124.8786089, 11.7791611], [124.8786557, 11.7791638], [124.8787171, 11.7790511], [124.8787998, 11.7790021], [124.8788919, 11.7790675], [124.8789484, 11.7790265], [124.8789427, 11.7789399], [124.8789914, 11.7789264]]]}}, {"type": "Feature", "properties": {"id": 3, "project": "Samar Province Reclamation Project (40 Has)", "name": "Bunuan", "location": "Catbalogan City", "proponent": "Samar Province", "private_partner": "n/a", "class_type": "Ongoing Reclamation Projects (c/o Reclamation Department)", "ongoing": "Yes", "area_project_has": 40.0, "area_polygon_has": 18.279}, "geometry": {"type": "Polygon", "coordinates": [[[124.8845535, 11.757904], [124.8844966, 11.7575869], [124.8808144, 11.771873], [124.8809822, 11.7719415], [124.8816545, 11.7719495], [124.8819032, 11.7720139], [124.8819357, 11.7719656], [124.8817624, 11.7718697], [124.8818154, 11.7716576], [124.8818617, 11.7717043], [124.8819213, 11.7714806], [124.8818801, 11.7713744], [124.8818988, 11.7713144], [124.8820296, 11.7713444], [124.8820524, 11.7712175], [124.8819764, 11.7712101], [124.881978, 11.7710925], [124.8820956, 11.7710925], [124.8820793, 11.7710269], [124.8819966, 11.7710269], [124.8820124, 11.7709045], [124.8819582, 11.7708973], [124.8819678, 11.7707695], [124.8821026, 11.7707836], [124.8821265, 11.7706296], [124.882027, 11.7706088], [124.8820283, 11.7704988], [124.882188, 11.7703027], [124.8821717, 11.7701503], [124.8822609, 11.7700849], [124.8823327, 11.7700849], [124.8823501, 11.770007], [124.8822275, 11.7699941], [124.8822324, 11.7699171], [124.8822755, 11.7698908], [124.8822827, 11.7697582], [124.8821538, 11.7697511], [124.8821831, 11.7695642], [124.882288, 11.7695644], [124.8823241, 11.7695112], [124.8823841, 11.769498], [124.8823897, 11.7693926], [124.8822409, 11.7693665], [124.8822315, 11.769205], [124.8820471, 11.7691747], [124.8821126, 11.7689488], [124.882268, 11.7689789], [124.8823052, 11.7688127], [124.8823654, 11.7688104], [124.8825354, 11.7688437], [124.8825881, 11.7688179], [124.8826056, 11.7687126], [124.8825223, 11.7686734], [124.882566, 11.7685698], [124.8824786, 11.7684993], [124.8825778, 11.7681555], [124.8826656, 11.7681723], [124.8826673, 11.7681341], [124.8824543, 11.7680945], [124.8823111, 11.7679772], [124.8826399, 11.7680279], [124.8826488, 11.7679618], [124.8825561, 11.7679379], [124.8825664, 11.7678489], [124.8827451, 11.7678903], [124.8827598, 11.7678253], [124.8826608, 11.7678194], [124.8826624, 11.7677784], [124.8823886, 11.767729], [124.8824535, 11.7676196], [124.882708, 11.7676614], [124.88274, 11.7675238], [124.8828356, 11.7675167], [124.8828679, 11.7673135], [124.8829816, 11.7673482], [124.8830034, 11.7672583], [124.8825913, 11.7671624], [124.882604, 11.7670139], [124.8824608, 11.7669671], [124.8825053, 11.7668612], [124.8827263, 11.7669206], [124.8829846, 11.7664522], [124.8832344, 11.7666149], [124.8833552, 11.7667296], [124.8835257, 11.7665962], [124.8834278, 11.7665429], [124.8834998, 11.7664712], [124.8836082, 11.7665512], [124.8836658, 11.7664358], [124.8833894, 11.7663415], [124.883507, 11.7660945], [124.883912, 11.7662277], [124.8840123, 11.7659163], [124.8839237, 11.7659074], [124.8839417, 11.7657842], [124.8838597, 11.7657536], [124.8838702, 11.7656271], [124.8839867, 11.7655975], [124.8840585, 11.7652417], [124.8837636, 11.7652445], [124.8838301, 11.7650736], [124.8840508, 11.7650915], [124.8840809, 11.764819], [124.8836856, 11.7647948], [124.883797, 11.7643895], [124.8839671, 11.7643895], [124.8839989, 11.7642595], [124.8840821, 11.7642724], [124.8841246, 11.764157], [124.8838772, 11.7641034], [124.8841312, 11.7637076], [124.8843996, 11.763832], [124.884477, 11.7637164], [124.8844789, 11.7633683], [124.8842982, 11.7633376], [124.8843613, 11.7630505], [124.8846682, 11.7631854], [124.8847162, 11.7630579], [124.8845639, 11.7629838], [124.8846444, 11.762881], [124.8847251, 11.7629029], [124.884785, 11.7627866], [124.8849283, 11.7628737], [124.8850616, 11.762686], [124.8851105, 11.7616492], [124.8849939, 11.7616556], [124.8849887, 11.7603978], [124.8848008, 11.7604085], [124.8848031, 11.760199], [124.8849589, 11.7601735], [124.8849939, 11.7597591], [124.884817, 11.7592498], [124.8848716, 11.759236], [124.8848671, 11.7591066], [124.8848134, 11.7591134], [124.8847925, 11.7589458], [124.884617, 11.7587619], [124.8846833, 11.7587489], [124.8846681, 11.7586448], [124.8848028, 11.7586331], [124.8848028, 11.7585438], [124.8846735, 11.7585495], [124.884674, 11.7584681], [124.8845965, 11.7584744], [124.8845933, 11.7583758], [124.8844842, 11.7583745], [124.8844228, 11.7582914], [124.8844472, 11.7581446], [124.8845917, 11.7580998], [124.8845841, 11.7580077], [124.8844373, 11.7580502], [124.8844251, 11.7579452], [124.8845535, 11.757904]]]}}, {"type": "Feature", "properties": {"id": 4, "project": "Maasin Reclamation Project (80 Has)", "name": "", "location": "Maasin City", "proponent": "Southern Leyte Province", "private_partner": "n/a", "class_type": "Ongoing Reclamation Projects (c/o Reclamation Department)", "ongoing": "No", "area_project_has": 80.0, "area_polygon_has": 109.832}, "geometry": {"type": "Polygon", "coordinates": [[[124.827033, 10.1302412], [124.8307508, 10.1318943], [124.8313527, 10.1301704], [124.8274595, 10.126692], [124.8218643, 10.1238882], [124.8202, 10.1233333], [124.813011, 10.1235515], [124.8135223, 10.1304121], [124.8207695, 10.1290992], [124.8249154, 10.1302241], [124.827033, 10.1302412]]]}}, {"type": "Feature", "properties": {"id": 5, "project": "Manila Waterfront City Reclamation Project (318 Has)", "name": "Island A - 164 Has", "location": "Manila City", "proponent": "Manila City", "private_partner": "Waterfront Manila Premier Development, Inc.", "class_type": "Reclamation Projects (with Lifted Suspension) - for Implementation (c/o Reclamation Department)", "ongoing": "No", "area_project_has": 318.0, "area_polygon_has": 162.971}, "geometry": {"type": "Polygon", "coordinates": [[[120.9631791, 14.5732024], [120.9688211, 14.5622517], [120.9688472, 14.5621928], [120.9688663, 14.5621373], [120.968875, 14.56208], [120.9688733, 14.5620178], [120.9688663, 14.5619639], [120.9688524, 14.5619016], [120.9688263, 14.5618461], [120.968795, 14.5617956], [120.9687585, 14.5617502], [120.9687116, 14.5617098], [120.9686681, 14.5616677], [120.9686107, 14.5616408], [120.9593176, 14.5572691], [120.9591954, 14.5572265], [120.9590731, 14.5571957], [120.9589484, 14.5571863], [120.9588163, 14.557191], [120.9586867, 14.5572123], [120.9585645, 14.5572502], [120.9584544, 14.5573022], [120.9583395, 14.5573756], [120.9582514, 14.5574608], [120.9581659, 14.5575579], [120.9580949, 14.5576691], [120.958041, 14.5577842], [120.9560043, 14.5633044], [120.9559153, 14.5635137], [120.955756, 14.5637709], [120.9555383, 14.5639953], [120.9553095, 14.5641839], [120.9550558, 14.5643421], [120.9545128, 14.5647152], [120.9532688, 14.565009], [120.9530286, 14.565079], [120.9529271, 14.5650755], [120.9528619, 14.5650764], [120.9528062, 14.5651024], [120.9527406, 14.5651493], [120.9527302, 14.5652293], [120.9527343, 14.5652366], [120.9527276, 14.5653218], [120.9527544, 14.565399], [120.9527824, 14.5654727], [120.9528404, 14.5655447], [120.9529017, 14.565605], [120.9624748, 14.5733336], [120.9625299, 14.573373], [120.9625933, 14.5734022], [120.9626605, 14.5734242], [120.9627277, 14.5734359], [120.9627979, 14.5734366], [120.9628659, 14.5734286], [120.9629308, 14.5734103], [120.9629942, 14.5733811], [120.9630524, 14.5733438], [120.9631052, 14.5733007], [120.9631498, 14.5732492], [120.9631791, 14.5732024]]]}}, {"type": "Feature", "properties": {"id": 5, "project": "Manila Waterfront City Reclamation Project (318 Has)", "name": "Island 2 - 155 Has", "location": "Manila City", "proponent": "Manila City", "private_partner": "Waterfront Manila Premier Development, Inc.", "class_type": "Reclamation Projects (with Lifted Suspension) - for Implementation (c/o Reclamation Department)", "ongoing": "No", "area_project_has": 318.0, "area_polygon_has": 154.794}, "geometry": {"type": "Polygon", "coordinates": [[[120.971032, 14.5792287], [120.9745916, 14.5758449], [120.9754527, 14.5669393], [120.9755135, 14.5663432], [120.9755179, 14.5662465], [120.9755244, 14.5661498], [120.9755179, 14.5660531], [120.9755135, 14.5659586], [120.9755049, 14.5658619], [120.975481, 14.5657568], [120.9754571, 14.5656706], [120.975431, 14.565576], [120.9754028, 14.5654859], [120.9753637, 14.5653934], [120.9753246, 14.5653072], [120.9752769, 14.565221], [120.9752306, 14.5651364], [120.9751791, 14.5650592], [120.9751201, 14.5649852], [120.9750592, 14.5649152], [120.9749982, 14.5648322], [120.9749315, 14.5647575], [120.9748599, 14.5646851], [120.974781, 14.5646303], [120.974701, 14.5645713], [120.9746229, 14.564516], [120.974541, 14.5644643], [120.9744534, 14.5644146], [120.9743702, 14.5643688], [120.9717015, 14.5631196], [120.9699262, 14.5622928], [120.9698726, 14.5622705], [120.9698135, 14.5622521], [120.9697545, 14.5622428], [120.9697011, 14.5622447], [120.9696402, 14.5622558], [120.9695773, 14.5622687], [120.9695278, 14.5622945], [120.9694706, 14.5623221], [120.9694249, 14.5623535], [120.9693811, 14.5623977], [120.9693468, 14.5624457], [120.9693125, 14.5624954], [120.9635102, 14.5737391], [120.9634864, 14.573792], [120.9634721, 14.5738392], [120.9634626, 14.573891], [120.9634602, 14.5739382], [120.9634591, 14.5739911], [120.9634686, 14.5740429], [120.9634793, 14.5740901], [120.9635019, 14.5741361], [120.9635256, 14.5741833], [120.9635542, 14.5742248], [120.9635875, 14.5742616], [120.9636241, 14.5742939], [120.9657743, 14.576026], [120.9658244, 14.5760639], [120.9659247, 14.5761261], [120.9659748, 14.5761488], [120.9660265, 14.5761686], [120.966083, 14.5761913], [120.9661347, 14.576205], [120.9661942, 14.5762156], [120.9662538, 14.5762262], [120.966307, 14.5762277], [120.966365, 14.5762277], [120.9664246, 14.5762292], [120.9667333, 14.5762034], [120.9667944, 14.5761959], [120.9668524, 14.576205], [120.9669088, 14.5762171], [120.9669668, 14.5762353], [120.96702, 14.5762596], [120.9670686, 14.5762868], [120.9671172, 14.5763232], [120.9708075, 14.5793061], [120.9708337, 14.5793222], [120.9708484, 14.5793265], [120.9708644, 14.5793303], [120.970881, 14.5793309], [120.9708977, 14.5793253], [120.9709105, 14.579321], [120.9709239, 14.5793129], [120.9709463, 14.5792987], [120.971032, 14.5792287]]]}}, {"type": "Feature", "properties": {"id": 6, "project": "90-Hectare Inner Islands Reclamation Project (90 Has)", "name": "Island A - 3.36 hectares", "location": "Bacoor", "proponent": "Cavite Province", "private_partner": "Frabelle Fishing Corporation", "class_type": "Reclamation Projects (with Lifted Suspension) - for Implementation (c/o Reclamation Department)", "ongoing": "No", "area_project_has": 90.0, "area_polygon_has": 3.343}, "geometry": {"type": "Polygon", "coordinates": [[[120.9600526, 14.4698698], [120.9604995, 14.4691023], [120.9579985, 14.4678443], [120.9575677, 14.4689399], [120.9600526, 14.4698698]]]}}, {"type": "Feature", "properties": {"id": 6, "project": "90-Hectare Inner Islands Reclamation Project (90 Has)", "name": "Island B - 16.5 hectares", "location": "Bacoor City", "proponent": "Cavite Province", "private_partner": "Frabelle Fishing Corporation", "class_type": "Reclamation Projects (with Lifted Suspension) - for Implementation (c/o Reclamation Department)", "ongoing": "No", "area_project_has": 90.0, "area_polygon_has": 16.482}, "geometry": {"type": "Polygon", "coordinates": [[[120.9569308, 14.4685175], [120.9575241, 14.4670164], [120.9517265, 14.4646708], [120.9510939, 14.4645788], [120.9508363, 14.4645658], [120.9505237, 14.4644229], [120.9499491, 14.4663842], [120.9533464, 14.467331], [120.9569308, 14.4685175]]]}}, {"type": "Feature", "properties": {"id": 6, "project": "90-Hectare Inner Islands Reclamation Project (90 Has)", "name": "Island C - 34.4 hectares", "location": "Bacoor City", "proponent": "Cavite Province", "private_partner": "Frabelle Fishing Corporation", "class_type": "Reclamation Projects (with Lifted Suspension) - for Implementation (c/o Reclamation Department)", "ongoing": "No", "area_project_has": 90.0, "area_polygon_has": 34.256}, "geometry": {"type": "Polygon", "coordinates": [[[120.9492223, 14.4662037], [120.9498186, 14.4642916], [120.9493169, 14.4638851], [120.9439497, 14.4627712], [120.9431632, 14.4627894], [120.9426948, 14.4627048], [120.9414263, 14.4623276], [120.9408969, 14.4621835], [120.9396611, 14.462275], [120.9392901, 14.4622126], [120.9386991, 14.4619988], [120.9384607, 14.4618694], [120.9382276, 14.4614833], [120.9381872, 14.4617863], [120.936864, 14.4615161], [120.9367542, 14.4621332], [120.936392, 14.4634026], [120.9391148, 14.4641314], [120.9423047, 14.4648465], [120.9450397, 14.4652968], [120.9492223, 14.4662037]]]}}, {"type": "Feature", "properties": {"id": 6, "project": "90-Hectare Inner Islands Reclamation Project (90 Has)", "name": "Island D - 16.1 hectares", "location": "Bacoor City", "proponent": "Cavite Province", "private_partner": "Frabelle Fishing Corporation", "class_type": "Reclamation Projects (with Lifted Suspension) - for Implementation (c/o Reclamation Department)", "ongoing": "No", "area_project_has": 90.0, "area_polygon_has": 16.042}, "geometry": {"type": "Polygon", "coordinates": [[[120.9358481, 14.4626846], [120.9362191, 14.4609639], [120.9344772, 14.4605606], [120.9334126, 14.4602264], [120.9321966, 14.4600376], [120.9312393, 14.460048], [120.9276365, 14.4603377], [120.9304505, 14.4614682], [120.9333478, 14.4624926], [120.9356216, 14.4631973], [120.9358481, 14.4626846]]]}}, {"type": "Feature", "properties": {"id": 7, "project": "Manila Solar City Project (148 Has)", "name": "Island A - 6.92 Has", "location": "Manila City", "proponent": "Consortium", "private_partner": "Manila Goldcoast Development Corporation", "class_type": "Suspended Reclamation Projects in Manila Bay pursuant to the Presidential Directive", "ongoing": "No", "area_project_has": 148.0, "area_polygon_has": 6.875}, "geometry": {"type": "Polygon", "coordinates": [[[120.9823145, 14.5581663], [120.9783788, 14.5560133], [120.9781884, 14.5565954], [120.9781717, 14.5566807], [120.9781901, 14.5567716], [120.9782367, 14.5568473], [120.9782581, 14.5568854], [120.9813494, 14.5597671], [120.9823145, 14.5581663]]]}}, {"type": "Feature", "properties": {"id": 7, "project": "Manila Solar City Project (148 Has)", "name": "Island B - 69.6", "location": "Manila City", "proponent": "Consortium", "private_partner": "Manila Goldcoast Development Corporation", "class_type": "Suspended Reclamation Projects in Manila Bay pursuant to the Presidential Directive", "ongoing": "No", "area_project_has": 148.0, "area_polygon_has": 69.516}, "geometry": {"type": "Polygon", "coordinates": [[[120.9726228, 14.555089], [120.9703784, 14.5613634], [120.9783002, 14.5650321], [120.9809007, 14.5606293], [120.976235, 14.5565634], [120.9726228, 14.555089]]]}}, {"type": "Feature", "properties": {"id": 7, "project": "Manila Solar City Project (148 Has)", "name": "Island C - 71.9", "location": "Manila City", "proponent": "Consortium", "private_partner": "Manila Goldcoast Development Corporation", "class_type": "Suspended Reclamation Projects in Manila Bay pursuant to the Presidential Directive", "ongoing": "No", "area_project_has": 148.0, "area_polygon_has": 71.658}, "geometry": {"type": "Polygon", "coordinates": [[[120.968491, 14.5535839], [120.9641865, 14.5523641], [120.963332, 14.5545374], [120.9553867, 14.5544596], [120.9693496, 14.5608993], [120.9715435, 14.5549536], [120.968491, 14.5535839]]]}}, {"type": "Feature", "properties": {"id": 8, "project": "230-Hectare Outer Islands Reclamation Project (230 Has)", "name": "", "location": "Bacoor City", "proponent": "Bacoor City", "private_partner": "Frabelle Fishing Corporation", "class_type": "Suspended Reclamation Projects in Manila Bay pursuant to the Presidential Directive", "ongoing": "No", "area_project_has": 230.0, "area_polygon_has": 229.789}, "geometry": {"type": "Polygon", "coordinates": [[[120.9652335, 14.4773775], [120.9661288, 14.4767957], [120.9668664, 14.4762972], [120.9673989, 14.475913], [120.9675691, 14.4755612], [120.9675997, 14.4751668], [120.9675284, 14.4748204], [120.9673185, 14.474477], [120.9669957, 14.4742029], [120.9664257, 14.4738367], [120.9657246, 14.4734415], [120.9651525, 14.4731479], [120.9646152, 14.4729618], [120.9639752, 14.4729018], [120.9633162, 14.4730785], [120.9628037, 14.4733334], [120.962303, 14.4734099], [120.9616249, 14.4732537], [120.9612676, 14.4729951], [120.9609296, 14.472468], [120.9608313, 14.4720086], [120.9607439, 14.4715184], [120.9604868, 14.4712454], [120.9602374, 14.4710709], [120.9596162, 14.4708486], [120.9586111, 14.4704691], [120.957622, 14.4700824], [120.9564205, 14.4696277], [120.9550061, 14.4691205], [120.9537024, 14.4686746], [120.9527044, 14.4683393], [120.9519634, 14.4681252], [120.9510466, 14.467992], [120.9502674, 14.4680914], [120.9498207, 14.4682882], [120.9493327, 14.4687513], [120.9491342, 14.4691508], [120.9489179, 14.4695651], [120.9485704, 14.4700652], [120.9482042, 14.4704967], [120.9477453, 14.4709632], [120.9472409, 14.4714375], [120.9467432, 14.471903], [120.9462673, 14.4723864], [120.9458913, 14.4728253], [120.9453863, 14.4735549], [120.9449234, 14.4743274], [120.9446032, 14.4749108], [120.9444425, 14.4752173], [120.9441791, 14.4757033], [120.9440279, 14.4759742], [120.9438563, 14.4764154], [120.9438056, 14.4770302], [120.9439569, 14.4776277], [120.9442129, 14.478054], [120.9445248, 14.4783824], [120.9448928, 14.4786665], [120.9452988, 14.4789133], [120.9457324, 14.4791148], [120.9465554, 14.4794478], [120.9473776, 14.479745], [120.9483661, 14.4800977], [120.9494497, 14.4805026], [120.9506961, 14.4809935], [120.9518333, 14.4814361], [120.9529684, 14.4818899], [120.9541533, 14.4823161], [120.9549553, 14.482575], [120.9555585, 14.4827433], [120.9562623, 14.482824], [120.957071, 14.4826844], [120.95776, 14.4823369], [120.9583662, 14.4819455], [120.9587986, 14.4813803], [120.95853, 14.4811962], [120.9581899, 14.4808686], [120.9579346, 14.480486], [120.957762, 14.4800596], [120.9576761, 14.4794273], [120.9577173, 14.4789411], [120.9578605, 14.4784452], [120.958087, 14.4779682], [120.9585292, 14.4773826], [120.9590809, 14.4768812], [120.9597336, 14.4764895], [120.9606153, 14.4761983], [120.9613319, 14.4761331], [120.9618589, 14.4761817], [120.9624965, 14.4763871], [120.963042, 14.4767265], [120.9634551, 14.4771919], [120.9637276, 14.4777454], [120.9640223, 14.4780441], [120.9645814, 14.477813], [120.9652335, 14.4773775]]]}}, {"type": "Feature", "properties": {"id": 9, "project": "Diamond Reclamation and Development Project (100 Has)", "name": "", "location": "Bacoor City", "proponent": "Bacoor City", "private_partner": "Diamond Export Corporation", "class_type": "Suspended Reclamation Projects in Manila Bay pursuant to the Presidential Directive", "ongoing": "No", "area_project_has": 100.0, "area_polygon_has": 99.754}, "geometry": {"type": "Polygon", "coordinates": [[[120.9476547, 14.4697254], [120.9480397, 14.4692218], [120.9483514, 14.4686742], [120.9484565, 14.4683047], [120.9484418, 14.4679336], [120.9482409, 14.4675167], [120.9478659, 14.4671893], [120.9472819, 14.46694], [120.946404, 14.4667247], [120.9455976, 14.4665637], [120.9444123, 14.4663432], [120.9436255, 14.4662017], [120.9428672, 14.4660704], [120.9420258, 14.4659008], [120.9413774, 14.4657678], [120.9404212, 14.4656505], [120.9397821, 14.4657357], [120.9391185, 14.4662188], [120.9388829, 14.4666676], [120.9387576, 14.4671525], [120.9386031, 14.4677562], [120.9384981, 14.4681811], [120.9382109, 14.4693176], [120.93792, 14.4704537], [120.9376401, 14.4715904], [120.9373619, 14.4727096], [120.9370541, 14.473971], [120.9369096, 14.4745193], [120.9368322, 14.4750347], [120.9369285, 14.4754779], [120.9371462, 14.4757784], [120.9374879, 14.4760057], [120.9378672, 14.4761645], [120.9385157, 14.4763134], [120.9392103, 14.4764384], [120.9398864, 14.4765696], [120.9405611, 14.4767036], [120.9412462, 14.4768178], [120.9418238, 14.4767596], [120.9423064, 14.4765798], [120.9428022, 14.4762056], [120.9431206, 14.4757213], [120.9433388, 14.4753271], [120.9436701, 14.4747069], [120.9440177, 14.4740684], [120.9445078, 14.4732129], [120.9448925, 14.47263], [120.945427, 14.4719463], [120.9459609, 14.4713813], [120.9465413, 14.470845], [120.9471391, 14.4702801], [120.9476547, 14.4697254]]]}}, {"type": "Feature", "properties": {"id": 10, "project": "Manila Horizon Reclamation Project (419 Has)", "name": "Island A", "location": "Manila City", "proponent": "Manila City", "private_partner": "JBros Construction Corporation", "class_type": "Suspended Reclamation Projects in Manila Bay pursuant to the Presidential Directive", "ongoing": "No", "area_project_has": 419.0, "area_polygon_has": 139.481}, "geometry": {"type": "Polygon", "coordinates": [[[120.9538238, 14.5636505], [120.9549936, 14.5628798], [120.9570261, 14.5574136], [120.9562705, 14.5564785], [120.9437805, 14.5566037], [120.9418204, 14.5576432], [120.9419133, 14.5660453], [120.9433706, 14.5663902], [120.9538238, 14.5636505]]]}}, {"type": "Feature", "properties": {"id": 10, "project": "Manila Horizon Reclamation Project (419 Has)", "name": "Island B", "location": "Manila City", "proponent": "Manila City", "private_partner": "JBros Construction Corporation", "class_type": "Suspended Reclamation Projects in Manila Bay pursuant to the Presidential Directive", "ongoing": "No", "area_project_has": 419.0, "area_polygon_has": 140.304}, "geometry": {"type": "Polygon", "coordinates": [[[120.9413656, 14.5662448], [120.9412658, 14.557592], [120.9391841, 14.5566114], [120.9327415, 14.556665], [120.9325911, 14.5567033], [120.930739, 14.558289], [120.93086, 14.5685775], [120.9318574, 14.5690218], [120.9322452, 14.5690448], [120.9406611, 14.5670339], [120.9413656, 14.5662448]]]}}, {"type": "Feature", "properties": {"id": 10, "project": "Manila Horizon Reclamation Project (419 Has)", "name": "Island C", "location": "Manila City", "proponent": "Manila City", "private_partner": "JBros Construction Corporation", "class_type": "Suspended Reclamation Projects in Manila Bay pursuant to the Presidential Directive", "ongoing": "No", "area_project_has": 419.0, "area_polygon_has": 139.654}, "geometry": {"type": "Polygon", "coordinates": [[[120.9303003, 14.5687155], [120.9302279, 14.5598397], [120.9299388, 14.559153], [120.9274828, 14.5567307], [120.9189261, 14.5567982], [120.9176008, 14.5579513], [120.9175944, 14.5590058], [120.922962, 14.5674815], [120.9256128, 14.5689683], [120.9301283, 14.5688943], [120.9303003, 14.5687155]]]}}, {"type": "Feature", "properties": {"id": 11, "project": "Navotas City Coastal Bay Reclamation Project (650 Has)", "name": "Area 1 - 576.7 Has", "location": "Navotas City", "proponent": "Navotas City", "private_partner": "Argonbay Construction Company, Inc.", "class_type": "Suspended Reclamation Projects in Manila Bay pursuant to the Presidential Directive", "ongoing": "No", "area_project_has": 650.0, "area_polygon_has": 576.413}, "geometry": {"type": "Polygon", "coordinates": [[[120.9276391, 14.6770729], [120.9302763, 14.6751115], [120.9279383, 14.6740498], [120.9254264, 14.6728881], [120.9228883, 14.6717376], [120.9203813, 14.6705925], [120.9175853, 14.6693336], [120.9153654, 14.6689631], [120.9138683, 14.6690862], [120.9127591, 14.6693597], [120.9111055, 14.6711401], [120.9092345, 14.6731513], [120.9055173, 14.6771421], [120.9017559, 14.6811477], [120.899191, 14.6839362], [120.8988721, 14.6852733], [120.898996, 14.6876443], [120.8998399, 14.6899058], [120.9013296, 14.6916866], [120.9077508, 14.6973179], [120.9080431, 14.6968737], [120.9119367, 14.6932242], [120.9134966, 14.6922594], [120.9149462, 14.6914296], [120.9175652, 14.6899394], [120.9190406, 14.6891613], [120.9196354, 14.6886915], [120.9203606, 14.6880132], [120.9208882, 14.6875273], [120.9232726, 14.6855264], [120.9243063, 14.6844308], [120.9255592, 14.6832309], [120.9264468, 14.6826434], [120.926587, 14.6823894], [120.925455, 14.6816306], [120.9263012, 14.6782666], [120.9276391, 14.6770729]]]}}, {"type": "Feature", "properties": {"id": 11, "project": "Navotas City Coastal Bay Reclamation Project (650 Has)", "name": "Area 2 - 80 Has (based on submitted plan)", "location": "Navotas City", "proponent": "Navotas City", "private_partner": "Argonbay Construction Company, Inc.", "class_type": "Suspended Reclamation Projects in Manila Bay pursuant to the Presidential Directive", "ongoing": "No", "area_project_has": 650.0, "area_polygon_has": 79.74}, "geometry": {"type": "Polygon", "coordinates": [[[120.9474095, 14.6530382], [120.9478164, 14.6520492], [120.9473379, 14.6514061], [120.9468256, 14.651402], [120.9461397, 14.6510743], [120.9432971, 14.6546665], [120.940447, 14.6582702], [120.93762, 14.6618177], [120.9347749, 14.6654058], [120.9319464, 14.6689862], [120.9282209, 14.6736893], [120.9300481, 14.6749499], [120.9300423, 14.6749961], [120.9300378, 14.6750445], [120.9300334, 14.6750895], [120.9300328, 14.6750434], [120.9300345, 14.6749968], [120.9300407, 14.6749488], [120.9300518, 14.6749028], [120.9300628, 14.6748549], [120.9300836, 14.6748097], [120.9301033, 14.6747687], [120.9301252, 14.6747255], [120.9301519, 14.6746863], [120.9301896, 14.6746269], [120.9320744, 14.6721248], [120.9332876, 14.6708751], [120.935453, 14.6688583], [120.9361658, 14.6681837], [120.9365279, 14.667838], [120.9365581, 14.6678023], [120.9367006, 14.6676241], [120.9367782, 14.6675155], [120.9368366, 14.6674456], [120.93686, 14.6674108], [120.9372075, 14.6668281], [120.9388066, 14.6641119], [120.9395171, 14.6629901], [120.9399889, 14.662366], [120.941205, 14.6608211], [120.9449085, 14.6562447], [120.9455153, 14.6553974], [120.9462981, 14.6543226], [120.9468657, 14.6536869], [120.9474095, 14.6530382]]]}}, {"type": "Feature", "properties": {"id": 12, "project": "Paranaque (203.43 Has) and Las Pinas (431.71 Has) Coastal Bay Project .kmz", "name": "One Island", "location": "Parañaque City and Las Piñas City", "proponent": "Parañaque City and Las Piñas City", "private_partner": "Alltech Contractors, Inc.", "class_type": "Suspended Reclamation Projects in Manila Bay pursuant to the Presidential Directive", "ongoing": "No", "area_project_has": 635.0, "area_polygon_has": 635.828}, "geometry": {"type": "Polygon", "coordinates": [[[120.9817771, 14.5047984], [120.9815398, 14.5047226], [120.9813294, 14.504611], [120.9811962, 14.504505], [120.9810825, 14.5044204], [120.9810451, 14.5043889], [120.9809556, 14.5043903], [120.9808985, 14.5043989], [120.9807423, 14.5042992], [120.9805566, 14.5041832], [120.9803156, 14.5040291], [120.9801248, 14.5039036], [120.9800322, 14.5038424], [120.9797939, 14.5037766], [120.9795659, 14.5038729], [120.9793311, 14.5038779], [120.979082, 14.5037562], [120.9790526, 14.5036103], [120.9791454, 14.5034997], [120.9792225, 14.5033573], [120.9792993, 14.5031286], [120.9793417, 14.5028082], [120.9794402, 14.502125], [120.979499, 14.5018757], [120.9794747, 14.5013194], [120.9794709, 14.5011179], [120.9793484, 14.5005874], [120.9792243, 14.4999305], [120.9791371, 14.4995157], [120.9791024, 14.4991252], [120.9789988, 14.4981473], [120.9789622, 14.4979015], [120.9787629, 14.4968396], [120.9786413, 14.4961822], [120.9784304, 14.4954524], [120.9781616, 14.4951334], [120.9778185, 14.4949452], [120.9776413, 14.4949057], [120.9774247, 14.4948724], [120.9766158, 14.4947636], [120.9761987, 14.4946201], [120.9758601, 14.4944838], [120.9754811, 14.494252], [120.9752094, 14.4940863], [120.9750699, 14.493969], [120.9748649, 14.493763], [120.9747454, 14.4936353], [120.9745612, 14.4934521], [120.9742719, 14.4930025], [120.9741249, 14.4927834], [120.974028, 14.492577], [120.9739185, 14.4923133], [120.9737747, 14.4920144], [120.9736865, 14.4918207], [120.9735962, 14.4916616], [120.9735129, 14.4915273], [120.9734478, 14.4913523], [120.9734681, 14.4911945], [120.973639, 14.4909078], [120.9738954, 14.4906851], [120.9739976, 14.4905403], [120.9740126, 14.4904148], [120.9737431, 14.4898132], [120.9735601, 14.4895684], [120.973357, 14.4893105], [120.9730165, 14.4890571], [120.9728209, 14.488926], [120.9725812, 14.4886559], [120.9723093, 14.4883799], [120.9720508, 14.4878684], [120.9718618, 14.4875328], [120.9717259, 14.4872969], [120.9715799, 14.4871533], [120.9714138, 14.4869757], [120.9711772, 14.4868492], [120.9708958, 14.4866792], [120.9707777, 14.4865774], [120.9705994, 14.486435], [120.9704724, 14.4863236], [120.9703818, 14.4861465], [120.970315, 14.4860281], [120.9702007, 14.485843], [120.9701134, 14.4849907], [120.9700397, 14.4843223], [120.9700199, 14.4841194], [120.9699046, 14.4836091], [120.9697763, 14.4829541], [120.9696063, 14.4826647], [120.969392, 14.4823266], [120.9692986, 14.482171], [120.969106, 14.4819766], [120.9687611, 14.4816155], [120.9686548, 14.4815207], [120.9684929, 14.4814169], [120.968259, 14.4812677], [120.9678339, 14.4810039], [120.9674878, 14.4808274], [120.9664735, 14.4805136], [120.9654162, 14.4802965], [120.964324, 14.4802855], [120.9641977, 14.4803191], [120.9634904, 14.480485], [120.9631002, 14.4806975], [120.9627319, 14.4808762], [120.9616241, 14.4815926], [120.9607921, 14.4821304], [120.9601485, 14.4825794], [120.9594605, 14.4830403], [120.9588784, 14.4833983], [120.9581824, 14.4838334], [120.9575788, 14.4842634], [120.957294, 14.4844192], [120.9567805, 14.4847792], [120.9560856, 14.4852398], [120.9551865, 14.4858352], [120.9544785, 14.4862875], [120.9537431, 14.4867302], [120.9534302, 14.4869947], [120.9530563, 14.4872657], [120.9528685, 14.4874328], [120.9527254, 14.4875285], [120.9525758, 14.4877065], [120.9524423, 14.4878606], [120.9521231, 14.4882301], [120.951665, 14.4890054], [120.9508443, 14.4909735], [120.9506149, 14.491498], [120.9505514, 14.491643], [120.9500788, 14.4929764], [120.949746, 14.4941367], [120.9495795, 14.4953158], [120.9496148, 14.4964907], [120.9498424, 14.4976326], [120.9502524, 14.4988026], [120.9506674, 14.4996408], [120.9508736, 14.5000447], [120.9514311, 14.5008608], [120.9522207, 14.5017251], [120.9527353, 14.5021148], [120.9531523, 14.5025085], [120.95415, 14.5031529], [120.9552633, 14.5036583], [120.9556968, 14.503769], [120.9561827, 14.5038698], [120.9564999, 14.5038927], [120.9571024, 14.5039042], [120.9572737, 14.5038684], [120.9576249, 14.5038008], [120.9580389, 14.5036895], [120.9582519, 14.5036021], [120.9586636, 14.5034211], [120.9591924, 14.5031692], [120.9596326, 14.5028998], [120.9602876, 14.5024806], [120.9612776, 14.5016947], [120.9617236, 14.5012178], [120.9621511, 14.5007811], [120.9623838, 14.5005635], [120.9626565, 14.5004555], [120.9629607, 14.5004576], [120.9632022, 14.5005283], [120.9634625, 14.500708], [120.9636444, 14.5009741], [120.9637067, 14.5012889], [120.963694, 14.5016044], [120.9636919, 14.5017308], [120.9636844, 14.5019868], [120.9636914, 14.5021467], [120.9637044, 14.5025506], [120.963742, 14.5030264], [120.9638549, 14.5037739], [120.9640488, 14.5042748], [120.9641319, 14.5044493], [120.964287, 14.5046597], [120.9645286, 14.5049592], [120.9649205, 14.5052496], [120.9651375, 14.5053671], [120.9653879, 14.5055222], [120.9658582, 14.5057174], [120.9660572, 14.5057898], [120.9665083, 14.5058692], [120.9667644, 14.5059318], [120.9668612, 14.5059552], [120.9670067, 14.5059803], [120.967219, 14.5059935], [120.9673248, 14.5060196], [120.9674382, 14.5060487], [120.9674967, 14.506064], [120.9675839, 14.5060904], [120.9676996, 14.5061206], [120.9677727, 14.5061402], [120.9678687, 14.5061771], [120.9680033, 14.5062123], [120.9681713, 14.5062277], [120.9683303, 14.5063007], [120.9684225, 14.5063362], [120.9684788, 14.5063836], [120.9685558, 14.5064227], [120.9686174, 14.5064536], [120.9687629, 14.5065334], [120.9688738, 14.5066026], [120.9689708, 14.5066423], [120.9692764, 14.5068141], [120.9693875, 14.5069047], [120.9698442, 14.5073093], [120.9700214, 14.5074563], [120.9701361, 14.5075942], [120.9702062, 14.5076734], [120.9702892, 14.5077946], [120.9703794, 14.5079332], [120.9705052, 14.5080876], [120.9707246, 14.50839], [120.9716264, 14.5078709], [120.9721388, 14.5075835], [120.9730182, 14.5071331], [120.9732367, 14.5070068], [120.9743961, 14.5065023], [120.9756625, 14.5062102], [120.9765309, 14.5060459], [120.9772541, 14.5058552], [120.9779363, 14.505697], [120.9787141, 14.505517], [120.9793744, 14.5053734], [120.9798547, 14.5052575], [120.9803006, 14.505143], [120.9804004, 14.5051219], [120.9815347, 14.5048489], [120.9817771, 14.5047984]]]}}, {"type": "Feature", "properties": {"id": 14, "project": "City of Pearl - New Manila Bay Reclamation and Development Project (400.7 Has)", "name": "", "location": "Manila City", "proponent": "Manila City", "private_partner": "UAA Kinming Group Development Corporation", "class_type": "Suspended Reclamation Projects in Manila Bay pursuant to the Presidential Directive", "ongoing": "No", "area_project_has": 400.7, "area_polygon_has": 396.08}, "geometry": {"type": "Polygon", "coordinates": [[[120.9324772, 14.5747969], [120.9324221, 14.577256], [120.9323998, 14.5797336], [120.9323779, 14.5822], [120.9351156, 14.5822282], [120.9378341, 14.5822564], [120.940563, 14.5822721], [120.9437415, 14.5828587], [120.9466188, 14.5845396], [120.9485741, 14.5863372], [120.9505133, 14.5881337], [120.9526461, 14.5859367], [120.9547859, 14.583745], [120.957024, 14.5813732], [120.9559929, 14.5793471], [120.9549533, 14.5773201], [120.9549443, 14.5741549], [120.953163, 14.5725195], [120.9508987, 14.5704274], [120.9486441, 14.5683361], [120.9463786, 14.5662514], [120.945133, 14.5661489], [120.9421979, 14.5668099], [120.9398457, 14.5674043], [120.9386591, 14.568369], [120.9366086, 14.5704759], [120.9345524, 14.5725816], [120.9324772, 14.5747969]]]}}, {"type": "Feature", "properties": {"id": 15, "project": "Cavite 4-Islands (Islands A, C, D and E) (1,043.28 Has)", "name": "Island A - 247.28 Has", "location": "Cavite City, Noveleta, Rosario", "proponent": "Cavite Province", "private_partner": "Century Peak Corporation", "class_type": "Suspended Reclamation Projects in Manila Bay pursuant to the Presidential Directive", "ongoing": "No", "area_project_has": 1043.28, "area_polygon_has": 248.225}, "geometry": {"type": "Polygon", "coordinates": [[[120.916008, 14.4699281], [120.9148817, 14.4639545], [120.9105515, 14.4601037], [120.894807, 14.4601204], [120.8934985, 14.4647946], [120.9011492, 14.4715463], [120.9143032, 14.4711396], [120.916008, 14.4699281]]]}}, {"type": "Feature", "properties": {"id": 15, "project": "Cavite 4-Islands (Islands A, C, D and E) (1,043.28 Has)", "name": "Island C - 205 Has", "location": "Cavite City, Noveleta, Rosario", "proponent": "Cavite Province", "private_partner": "Century Peak Corporation", "class_type": "Suspended Reclamation Projects in Manila Bay pursuant to the Presidential Directive", "ongoing": "No", "area_project_has": 1043.28, "area_polygon_has": 205.484}, "geometry": {"type": "Polygon", "coordinates": [[[120.8737271, 14.4519073], [120.8706528, 14.4453283], [120.8669151, 14.4439732], [120.8592215, 14.4477067], [120.8569911, 14.4506536], [120.8615763, 14.4592747], [120.8662248, 14.4591737], [120.8721849, 14.4552576], [120.8737271, 14.4519073]]]}}, {"type": "Feature", "properties": {"id": 15, "project": "Cavite 4-Islands (Islands A, C, D and E) (1,043.28 Has)", "name": "Island D - 267 Has", "location": "Cavite City, Noveleta, Rosario", "proponent": "Cavite Province", "private_partner": "Century Peak Corporation", "class_type": "Suspended Reclamation Projects in Manila Bay pursuant to the Presidential Directive", "ongoing": "No", "area_project_has": 1043.28, "area_polygon_has": 268.874}, "geometry": {"type": "Polygon", "coordinates": [[[120.8649152, 14.4337785], [120.8601094, 14.430801], [120.856317, 14.4308008], [120.8477957, 14.4361861], [120.8468589, 14.4411298], [120.854535, 14.4466535], [120.8579981, 14.4460395], [120.8668196, 14.4417845], [120.867703, 14.4390458], [120.8649152, 14.4337785]]]}}, {"type": "Feature", "properties": {"id": 15, "project": "Cavite 4-Islands (Islands A, C, D and E) (1,043.28 Has)", "name": "Island E - 324 Has", "location": "Cavite City, Noveleta, Rosario", "proponent": "Cavite Province", "private_partner": "Century Peak Corporation", "class_type": "Suspended Reclamation Projects in Manila Bay pursuant to the Presidential Directive", "ongoing": "No", "area_project_has": 1043.28, "area_polygon_has": 323.534}, "geometry": {"type": "Polygon", "coordinates": [[[120.8442741, 14.4227639], [120.8407976, 14.4177741], [120.8363847, 14.4176925], [120.8312569, 14.4266875], [120.8311305, 14.4310835], [120.8397465, 14.4367821], [120.8445378, 14.4356831], [120.8562527, 14.428485], [120.8526031, 14.4251601], [120.8477395, 14.4254475], [120.8442741, 14.4227639]]]}}, {"type": "Feature", "properties": {"id": 16, "project": "MCTE Reclamation Project (844 Has)", "name": "Plot 2 (745 Has)", "location": "Bacoor City", "proponent": "Bacoor City", "private_partner": "Coastal Road Corporation", "class_type": "Suspended Reclamation Projects in Manila Bay pursuant to the Presidential Directive", "ongoing": "No", "area_project_has": 844.0, "area_polygon_has": 811.05}, "geometry": {"type": "Polygon", "coordinates": [[[120.9445973, 14.4668271], [120.9275461, 14.4640494], [120.9246178, 14.4623998], [120.9232202, 14.4632905], [120.9288599, 14.4752381], [120.9313607, 14.4817917], [120.9317772, 14.4899422], [120.9342823, 14.4922276], [120.9384739, 14.4950292], [120.9414977, 14.4972354], [120.9469194, 14.4960139], [120.9583395, 14.4727262], [120.9581994, 14.4721426], [120.9582253, 14.4715726], [120.9452397, 14.4672535], [120.9445973, 14.4668271]]]}}, {"type": "Feature", "properties": {"id": 17, "project": "Mandaue City North Reclamation and Development Project (131 Has)", "name": "Lot 2", "location": "Mandaue City", "proponent": "Mandaue City", "private_partner": "GlobalCity Mandaue Corp.", "class_type": "Reclamation Projects Issued with NTM and NTCARW or NTP", "ongoing": "No", "area_project_has": 131.0, "area_polygon_has": 19.593}, "geometry": {"type": "Polygon", "coordinates": [[[123.9647228, 10.3294262], [123.9647557, 10.3294591], [123.9658365, 10.3320844], [123.9674925, 10.3339614], [123.9683294, 10.334626], [123.9699568, 10.331431], [123.96573, 10.3282693], [123.9656312, 10.3283942], [123.965233, 10.3287569], [123.9647228, 10.3294262]]]}}, {"type": "Feature", "properties": {"id": 17, "project": "Mandaue City North Reclamation and Development Project (131 Has)", "name": "Island B1", "location": "Mandaue City", "proponent": "Mandaue City", "private_partner": "GlobalCity Mandaue Corp.", "class_type": "Reclamation Projects Issued with NTM and NTCARW or NTP", "ongoing": "No", "area_project_has": 131.0, "area_polygon_has": 35.533}, "geometry": {"type": "Polygon", "coordinates": [[[123.9772579, 10.3369299], [123.9699582, 10.3314356], [123.9683337, 10.3346318], [123.9692185, 10.3353098], [123.973438, 10.3380121], [123.9753412, 10.3394362], [123.9772579, 10.3369299]]]}}, {"type": "Feature", "properties": {"id": 17, "project": "Mandaue City North Reclamation and Development Project (131 Has)", "name": "Lot 3-A (within Mandaue) - 265,294 sq.m.", "location": "Mandaue City", "proponent": "Mandaue City", "private_partner": "GlobalCity Mandaue Corp.", "class_type": "Reclamation Projects Issued with NTM and NTCARW or NTP", "ongoing": "No", "area_project_has": 131.0, "area_polygon_has": 26.634}, "geometry": {"type": "Polygon", "coordinates": [[[123.9772604, 10.3369161], [123.9753419, 10.3394256], [123.9777315, 10.3412255], [123.9756943, 10.3438891], [123.9767154, 10.3446715], [123.9783353, 10.3435226], [123.9811777, 10.3406626], [123.9803186, 10.339223], [123.9772604, 10.3369161]]]}}, {"type": "Feature", "properties": {"id": 17, "project": "Mandaue City North Reclamation and Development Project (131 Has)", "name": "Island C", "location": "Mandaue City", "proponent": "Mandaue City", "private_partner": "GlobalCity Mandaue Corp.", "class_type": "Reclamation Projects Issued with NTM and NTCARW or NTP", "ongoing": "No", "area_project_has": 131.0, "area_polygon_has": 29.374}, "geometry": {"type": "Polygon", "coordinates": [[[123.968086, 10.3458086], [123.966431, 10.3479464], [123.9682547, 10.3492545], [123.9719388, 10.345871], [123.9718291, 10.3448739], [123.971829, 10.3448043], [123.9709985, 10.3439047], [123.9683535, 10.3422474], [123.9664052, 10.3410437], [123.9658538, 10.3421605], [123.9652978, 10.3441564], [123.9672113, 10.3455436], [123.9678491, 10.3435911], [123.968124, 10.3437159], [123.9681599, 10.3437189], [123.969602, 10.3445257], [123.9697344, 10.3446455], [123.9696811, 10.3447882], [123.9692865, 10.3456963], [123.9690291, 10.3463632], [123.968086, 10.3458086]]]}}, {"type": "Feature", "properties": {"id": 18, "project": "Minglanilla Industrial Park (100 Has)", "name": "Lot B (25 Has)", "location": "Minglanilla", "proponent": "Minglanilla", "private_partner": "Ming-Mori Development Corporation", "class_type": "Reclamation Projects Issued with NTM and NTCARW or NTP", "ongoing": "No", "area_project_has": 100.0, "area_polygon_has": 24.942}, "geometry": {"type": "Polygon", "coordinates": [[[123.8117553, 10.2322605], [123.809858, 10.2374159], [123.8147073, 10.2375551], [123.8148735, 10.2324668], [123.8117553, 10.2322605]]]}}, {"type": "Feature", "properties": {"id": 18, "project": "Minglanilla Industrial Park (100 Has)", "name": "Lot A (75 Has)", "location": "Minglanilla", "proponent": "Minglanilla", "private_partner": "Ming-Mori Development Corporation", "class_type": "Reclamation Projects Issued with NTM and NTCARW or NTP", "ongoing": "No", "area_project_has": 100.0, "area_polygon_has": 74.689}, "geometry": {"type": "Polygon", "coordinates": [[[123.8000646, 10.2378417], [123.8065895, 10.2381623], [123.8074119, 10.2381548], [123.8079832, 10.2379708], [123.8083535, 10.2378089], [123.8087044, 10.2375868], [123.8090904, 10.2373244], [123.8094293, 10.2369678], [123.809707, 10.2366159], [123.8099817, 10.2361067], [123.8114575, 10.2322546], [123.8004136, 10.2315452], [123.8000646, 10.2378417]]]}}, {"type": "Feature", "properties": {"id": 19, "project": "Batangas Port Reclamation Project (40 Has)", "name": "", "location": "Batangas City", "proponent": "Private", "private_partner": "Batangas Port Planners and Developers Inc.", "class_type": "Reclamation Projects Issued with NTM and NTCARW or NTP", "ongoing": "Yes", "area_project_has": 40.0, "area_polygon_has": 39.115}, "geometry": {"type": "Polygon", "coordinates": [[[121.0415943, 13.7502249], [121.0442833, 13.7516673], [121.0446379, 13.7515899], [121.0455382, 13.7503938], [121.045629, 13.7502638], [121.0462574, 13.7492564], [121.0463735, 13.7490511], [121.0475233, 13.7466015], [121.0476545, 13.7462044], [121.0477352, 13.7458213], [121.0477605, 13.7453384], [121.0477479, 13.7451619], [121.0473668, 13.7447523], [121.0469182, 13.7446739], [121.0454245, 13.7444753], [121.0435596, 13.7429496], [121.0431591, 13.7431408], [121.0420154, 13.7485933], [121.0412157, 13.7500052], [121.0415943, 13.7502249]]]}}, {"type": "Feature", "properties": {"id": 21, "project": "Mactan North Reclamation and Development Project - Mactan Cebu Ocean City (400 Has)", "name": "Island A - 122 Has", "location": "Lapu-Lapu City", "proponent": "Lapu-Lapu City", "private_partner": "Salug Valley Engineering and Development Corp. (SVEDC)", "class_type": "Approved Projects for Detailed Engineering Design", "ongoing": "No", "area_project_has": 400.0, "area_polygon_has": 122.643}, "geometry": {"type": "Polygon", "coordinates": [[[123.9995691, 10.3322708], [123.996125, 10.3301196], [123.9917006, 10.3264154], [123.9899852, 10.3357755], [123.9966592, 10.3383163], [124.0004581, 10.3393761], [124.0017517, 10.3394141], [124.0031385, 10.3385806], [124.0037094, 10.3376771], [124.0049033, 10.3341583], [124.0025215, 10.3334108], [123.9995691, 10.3322708]]]}}, {"type": "Feature", "properties": {"id": 21, "project": "Mactan North Reclamation and Development Project - Mactan Cebu Ocean City (400 Has)", "name": "Island B - 113 Has", "location": "Lapu-Lapu City", "proponent": "Lapu-Lapu City", "private_partner": "Salug Valley Engineering and Development Corp. (SVEDC)", "class_type": "Approved Projects for Detailed Engineering Design", "ongoing": "No", "area_project_has": 400.0, "area_polygon_has": 114.314}, "geometry": {"type": "Polygon", "coordinates": [[[123.9988032, 10.3314429], [124.0004671, 10.3321977], [124.0050549, 10.3337203], [124.0072346, 10.3276636], [124.0038573, 10.3265539], [124.0014192, 10.325522], [123.9962205, 10.3213084], [123.9921039, 10.3245658], [123.9917565, 10.3261053], [123.9963009, 10.3296986], [123.9988032, 10.3314429]]]}}, {"type": "Feature", "properties": {"id": 21, "project": "Mactan North Reclamation and Development Project - Mactan Cebu Ocean City (400 Has)", "name": "Island C - 106 Has", "location": "Lapu-Lapu City", "proponent": "Lapu-Lapu City", "private_partner": "Salug Valley Engineering and Development Corp. (SVEDC)", "class_type": "Approved Projects for Detailed Engineering Design", "ongoing": "No", "area_project_has": 400.0, "area_polygon_has": 104.853}, "geometry": {"type": "Polygon", "coordinates": [[[124.0018842, 10.3253834], [124.0073555, 10.3274294], [124.0091049, 10.322641], [124.0086132, 10.3219716], [124.0082053, 10.3205821], [124.0086751, 10.3192016], [124.0098257, 10.3184661], [124.0090305, 10.3158585], [124.0070512, 10.3165095], [123.9996596, 10.3186532], [123.9964771, 10.3210877], [124.0001338, 10.3240449], [124.0018842, 10.3253834]]]}}, {"type": "Feature", "properties": {"id": 21, "project": "Mactan North Reclamation and Development Project - Mactan Cebu Ocean City (400 Has)", "name": "Island D - 59 Has", "location": "Lapu-Lapu City", "proponent": "Lapu-Lapu City", "private_partner": "Salug Valley Engineering and Development Corp. (SVEDC)", "class_type": "Approved Projects for Detailed Engineering Design", "ongoing": "No", "area_project_has": 400.0, "area_polygon_has": 58.893}, "geometry": {"type": "Polygon", "coordinates": [[[124.0093204, 10.315738], [124.0100852, 10.3183749], [124.0109496, 10.3182295], [124.0116068, 10.3183933], [124.0125968, 10.319017], [124.0220181, 10.3194446], [124.0227987, 10.3169416], [124.014507, 10.3141171], [124.0093204, 10.315738]]]}}, {"type": "Feature", "properties": {"id": 23, "project": "Tacloban City Causeway and Storm Surge Protection Structure Project", "name": "Tacloban City Causeway", "location": "Tacloban City", "proponent": "DPWH", "private_partner": "n/a", "class_type": "Approved Projects for Signing of MOA", "ongoing": "Yes", "area_project_has": null, "area_polygon_has": 13.284}, "geometry": {"type": "Polygon", "coordinates": [[[125.0069063, 11.2419349], [125.0071405, 11.2420811], [125.0145972, 11.2368022], [125.0145256, 11.2364838], [125.0168535, 11.2347597], [125.0171903, 11.2348815], [125.0203951, 11.2321235], [125.0207333, 11.2315107], [125.0216108, 11.22807], [125.0219984, 11.2272277], [125.0225405, 11.2262019], [125.0225327, 11.2259946], [125.0212815, 11.22807], [125.0203839, 11.2311587], [125.0201271, 11.2316058], [125.0197772, 11.2320318], [125.0166677, 11.2340953], [125.0167074, 11.2344821], [125.0143797, 11.2362644], [125.0140945, 11.2361187], [125.0069063, 11.2419349]]]}}, {"type": "Feature", "properties": {"id": 24, "project": "Mr. Lim Reclamation Project (2.1745 Has)", "name": "A - 15,840 sq.m.", "location": "Davao City", "proponent": "Private", "private_partner": "Mr. Mariano Mc Arnold S. Lim, Sr.", "class_type": "Approved Projects for Signing of MOA", "ongoing": "No", "area_project_has": 2.175, "area_polygon_has": 1.503}, "geometry": {"type": "Polygon", "coordinates": [[[125.6600539, 7.1606082], [125.6603425, 7.1597223], [125.6589784, 7.1595017], [125.6588228, 7.1595264], [125.658595, 7.1602224], [125.6588001, 7.1601993], [125.6600539, 7.1606082]]]}}, {"type": "Feature", "properties": {"id": 24, "project": "Mr. Lim Reclamation Project (2.1745 Has)", "name": "A - 5,905 sq.m.", "location": "Davao City", "proponent": "Private", "private_partner": "Mr. Mariano Mc Arnold S. Lim, Sr.", "class_type": "Approved Projects for Signing of MOA", "ongoing": "No", "area_project_has": 2.175, "area_polygon_has": 0.59}, "geometry": {"type": "Polygon", "coordinates": [[[125.6597244, 7.1604979], [125.6593, 7.1618202], [125.6596273, 7.1619369], [125.6600531, 7.1606086], [125.6597244, 7.1604979]]]}}, {"type": "Feature", "properties": {"id": 25, "project": "MCITPI Private Port Component Project (1 Ha)", "name": "", "location": "Mabini", "proponent": "Private", "private_partner": "Main Coast International Terminal Port, Inc. (MCITPI)", "class_type": "Projects Under Application Stage – Prequalified pursuant to EO 74 (with MOU)", "ongoing": "No", "area_project_has": 1.0, "area_polygon_has": 1.016}, "geometry": {"type": "Polygon", "coordinates": [[[120.9601716, 13.7617191], [120.9606215, 13.7613753], [120.9592686, 13.7604343], [120.9590043, 13.7609552], [120.9601716, 13.7617191]]]}}, {"type": "Feature", "properties": {"id": 26, "project": "The Seafront City Project (200 Has)", "name": "Lot 1", "location": "Consolacion", "proponent": "Consolacion", "private_partner": "n/a", "class_type": "Projects Under Application Stage – Prequalified pursuant to EO 74 (with MOU)", "ongoing": "No", "area_project_has": 200.0, "area_polygon_has": 114.742}, "geometry": {"type": "Polygon", "coordinates": [[[123.9733609, 10.3476436], [123.9734131, 10.3483377], [123.975368, 10.3488035], [123.9757199, 10.3488177], [123.9816552, 10.3479001], [123.9846236, 10.3483415], [123.9893694, 10.3506198], [123.9898638, 10.350444], [123.9923189, 10.3446751], [123.9839878, 10.3413557], [123.9826677, 10.3401893], [123.9775169, 10.3453385], [123.9755011, 10.3467831], [123.9733609, 10.3476436]]]}}, {"type": "Feature", "properties": {"id": 26, "project": "The Seafront City Project (200 Has)", "name": "Lot 2", "location": "Consolacion", "proponent": "Consolacion", "private_partner": "n/a", "class_type": "Projects Under Application Stage – Prequalified pursuant to EO 74 (with MOU)", "ongoing": "No", "area_project_has": 200.0, "area_polygon_has": 16.92}, "geometry": {"type": "Polygon", "coordinates": [[[123.9714876, 10.3505586], [123.9713604, 10.3506923], [123.9714267, 10.3507034], [123.9717669, 10.3507458], [123.9719026, 10.3507967], [123.9720333, 10.3508806], [123.9721698, 10.3509267], [123.9722943, 10.3509896], [123.9724563, 10.3510462], [123.9729882, 10.3510979], [123.9731204, 10.3509587], [123.973271, 10.3509102], [123.9733139, 10.3509862], [123.973472, 10.3513376], [123.9736391, 10.3522803], [123.973836, 10.3524575], [123.9740984, 10.3523166], [123.9741509, 10.352174], [123.9744799, 10.3519587], [123.9749782, 10.3517637], [123.9759288, 10.3513746], [123.9761912, 10.3512646], [123.9767932, 10.3511172], [123.9773963, 10.3513229], [123.977835, 10.3513361], [123.9774521, 10.3499302], [123.9767719, 10.3498732], [123.9769385, 10.3495559], [123.976748, 10.3491131], [123.9756072, 10.3492932], [123.9753976, 10.3496638], [123.9759306, 10.3509257], [123.9757618, 10.3509947], [123.9750998, 10.3494268], [123.9747264, 10.3491131], [123.9719927, 10.3484558], [123.9714808, 10.3488264], [123.9714876, 10.3505586]]]}}, {"type": "Feature", "properties": {"id": 26, "project": "The Seafront City Project (200 Has)", "name": "Lot 3", "location": "Consolacion", "proponent": "Consolacion", "private_partner": "n/a", "class_type": "Projects Under Application Stage – Prequalified pursuant to EO 74 (with MOU)", "ongoing": "Yes", "area_project_has": 200.0, "area_polygon_has": 43.885}, "geometry": {"type": "Polygon", "coordinates": [[[123.9873944, 10.3551212], [123.9876569, 10.3551902], [123.9880631, 10.354681], [123.9894007, 10.3515267], [123.9892243, 10.3510614], [123.9844235, 10.3487511], [123.9817307, 10.3483475], [123.9812396, 10.3484249], [123.9810833, 10.3502382], [123.9808685, 10.3508376], [123.9809875, 10.3509307], [123.9813692, 10.351188], [123.9818497, 10.3514657], [123.9823255, 10.3517947], [123.9824119, 10.3519124], [123.9824846, 10.3520303], [123.9825573, 10.3521428], [123.982624, 10.3522148], [123.9827077, 10.3523299], [123.9829914, 10.3528851], [123.983116, 10.3532101], [123.9832051, 10.3535517], [123.983209, 10.3538755], [123.9832028, 10.3544969], [123.9833412, 10.3546033], [123.9834899, 10.3546528], [123.9839427, 10.3546718], [123.9846048, 10.3549879], [123.9856171, 10.3543258], [123.9864381, 10.3546707], [123.9864699, 10.3546207], [123.9873944, 10.3551212]]]}}, {"type": "Feature", "properties": {"id": 27, "project": "Pasay 260-Hectare Reclamation Project (260 Has)", "name": "266 Has", "location": "Pasay City", "proponent": "Pasay City", "private_partner": "Ulticon Builders Inc.", "class_type": "Projects Under Application Stage – Prequalified pursuant to EO 74 (with MOU)", "ongoing": "No", "area_project_has": 260.0, "area_polygon_has": 263.579}, "geometry": {"type": "Polygon", "coordinates": [[[120.9116874, 14.5542807], [120.9296357, 14.5543086], [120.9305245, 14.5536704], [120.9305817, 14.5492858], [120.9309831, 14.5481758], [120.9322158, 14.546927], [120.9335346, 14.5460112], [120.9349968, 14.5446513], [120.9367456, 14.5422091], [120.9364016, 14.5414599], [120.9288328, 14.5394621], [120.9098238, 14.5515887], [120.9097091, 14.5521715], [120.9108846, 14.5540309], [120.9116874, 14.5542807]]]}}, {"type": "Feature", "properties": {"id": 28, "project": "Mandaue Reclamation Project (95 Has)", "name": "", "location": "Mandaue City", "proponent": "Mandaue City", "private_partner": "Kit Properties Inc.", "class_type": "Projects Under Application Stage – Prequalified pursuant to EO 74 (with MOU)", "ongoing": "No", "area_project_has": 95.0, "area_polygon_has": 112.796}, "geometry": {"type": "Polygon", "coordinates": [[[123.9277099, 10.3112296], [123.9409879, 10.3217221], [123.9455619, 10.3189908], [123.9457897, 10.3176431], [123.9330862, 10.3089267], [123.9277099, 10.3112296]]]}}, {"type": "Feature", "properties": {"id": 29, "project": "Rehabilitation of Navotas Fish Port Complex Project (15.62 Has)", "name": "Parcel 1", "location": "Navotas City", "proponent": "Philippine Fisheries Development Authority", "private_partner": "n/a", "class_type": "Projects Under Application Stage – Prequalified pursuant to EO 74 (with MOU)", "ongoing": "Yes", "area_project_has": 15.62, "area_polygon_has": 10.548}, "geometry": {"type": "Polygon", "coordinates": [[[120.9480379, 14.6496034], [120.9480095, 14.649549], [120.9479951, 14.6494588], [120.9479379, 14.6493687], [120.9479593, 14.6493202], [120.9480091, 14.6492507], [120.9482708, 14.6491768], [120.9483419, 14.6490737], [120.9483988, 14.6489775], [120.9484983, 14.6488879], [120.9485763, 14.6487638], [120.9486118, 14.6486675], [120.9486186, 14.6485848], [120.9485326, 14.6483849], [120.9477866, 14.6478832], [120.9477294, 14.6477459], [120.9477364, 14.6476843], [120.9441862, 14.6452423], [120.9432539, 14.6465658], [120.947374, 14.6494242], [120.9480379, 14.6496034]]]}}, {"type": "Feature", "properties": {"id": 29, "project": "Rehabilitation of Navotas Fish Port Complex Project (15.62 Has)", "name": "Parcel 2", "location": "Navotas City", "proponent": "Philippine Fisheries Development Authority", "private_partner": "n/a", "class_type": "Projects Under Application Stage – Prequalified pursuant to EO 74 (with MOU)", "ongoing": "Yes", "area_project_has": 15.62, "area_polygon_has": 2.654}, "geometry": {"type": "Polygon", "coordinates": [[[120.9482578, 14.6451683], [120.9492114, 14.6437079], [120.9477543, 14.6426426], [120.9474513, 14.6430971], [120.9484967, 14.6438838], [120.9481028, 14.6444604], [120.9470697, 14.6436906], [120.9467936, 14.6440766], [120.9482578, 14.6451683]]]}}, {"type": "Feature", "properties": {"id": 29, "project": "Rehabilitation of Navotas Fish Port Complex Project (15.62 Has)", "name": "Phase 2", "location": "Navotas City", "proponent": "Philippine Fisheries Development Authority", "private_partner": "n/a", "class_type": "Projects Under Application Stage – Prequalified pursuant to EO 74 (with MOU)", "ongoing": "Yes", "area_project_has": 15.62, "area_polygon_has": 8.159}, "geometry": {"type": "Polygon", "coordinates": [[[120.9441256, 14.6452983], [120.9438411, 14.6450737], [120.9442013, 14.643929], [120.9478349, 14.6387753], [120.94764, 14.638601], [120.9444444, 14.6430774], [120.9433853, 14.6423609], [120.943572, 14.6417669], [120.9434403, 14.6417266], [120.9422265, 14.6459983], [120.9431685, 14.6465967], [120.9441256, 14.6452983]]]}}, {"type": "Feature", "properties": {"id": 30, "project": "203-Hectare Lapu-Lapu City Reclamation and Development Project (203 Has)", "name": "Lot 1", "location": "Lapu-Lapu City", "proponent": "Lapu-Lapu City", "private_partner": "Mactan Bluewaters Development Consortium", "class_type": "Projects Under Application Stage – Prequalified pursuant to EO 74 (with MOU)", "ongoing": "No", "area_project_has": 203.0, "area_polygon_has": 87.788}, "geometry": {"type": "Polygon", "coordinates": [[[123.92209, 10.2933752], [123.9240825, 10.2955084], [123.9345183, 10.2921903], [123.9339769, 10.2883422], [123.9365823, 10.2868824], [123.9371064, 10.2866179], [123.9370307, 10.2863444], [123.936761, 10.2863077], [123.9366529, 10.2861429], [123.9370854, 10.2856113], [123.9368712, 10.2849002], [123.9365355, 10.2849785], [123.9363752, 10.2845917], [123.9359892, 10.2850632], [123.9354546, 10.2845496], [123.9353969, 10.2842152], [123.934625, 10.2841216], [123.9345757, 10.2840251], [123.9346349, 10.2839349], [123.934876, 10.2839523], [123.9348627, 10.2838549], [123.9332499, 10.2830767], [123.9337178, 10.2864099], [123.9332962, 10.2867146], [123.9329265, 10.2867373], [123.932577, 10.2862977], [123.9325807, 10.2861963], [123.9324092, 10.28627], [123.9322252, 10.2862799], [123.9320395, 10.286138], [123.9319397, 10.2859489], [123.9318371, 10.2861949], [123.9316216, 10.2862636], [123.9312826, 10.2857182], [123.9309497, 10.2852931], [123.9313294, 10.2849504], [123.9306191, 10.2843575], [123.9301997, 10.2844852], [123.9301353, 10.2844037], [123.9299686, 10.2845024], [123.9295569, 10.2848734], [123.9285794, 10.2863573], [123.9281313, 10.2864044], [123.9280576, 10.2864319], [123.9297028, 10.2888852], [123.92209, 10.2933752]]]}}, {"type": "Feature", "properties": {"id": 30, "project": "203-Hectare Lapu-Lapu City Reclamation and Development Project (203 Has)", "name": "Lot 2", "location": "Lapu-Lapu City", "proponent": "Lapu-Lapu City", "private_partner": "Mactan Bluewaters Development Consortium", "class_type": "Projects Under Application Stage – Prequalified pursuant to EO 74 (with MOU)", "ongoing": "No", "area_project_has": 203.0, "area_polygon_has": 15.851}, "geometry": {"type": "Polygon", "coordinates": [[[123.9354584, 10.2921042], [123.9345127, 10.2921928], [123.9351093, 10.2965223], [123.9391498, 10.2956525], [123.9387966, 10.2953873], [123.9386211, 10.2951213], [123.9383245, 10.2948945], [123.9382689, 10.2945701], [123.9378946, 10.2948106], [123.9375927, 10.2946141], [123.9379077, 10.294285], [123.9372029, 10.292642], [123.9379181, 10.291913], [123.9366507, 10.2921943], [123.936329, 10.2916785], [123.9354584, 10.2921042]]]}}, {"type": "Feature", "properties": {"id": 30, "project": "203-Hectare Lapu-Lapu City Reclamation and Development Project (203 Has)", "name": "Lot 3 (Punta Engaño Site)", "location": "Lapu-Lapu City", "proponent": "Lapu-Lapu City", "private_partner": "Mactan Bluewaters Development Consortium", "class_type": "Projects Under Application Stage – Prequalified pursuant to EO 74 (with MOU)", "ongoing": "No", "area_project_has": 203.0, "area_polygon_has": 100.823}, "geometry": {"type": "Polygon", "coordinates": [[[124.0246433, 10.3174528], [124.0237957, 10.3168015], [124.0182832, 10.3211207], [124.0271794, 10.3292905], [124.0325696, 10.3240977], [124.0319949, 10.3236605], [124.0310096, 10.3227854], [124.0294913, 10.3218714], [124.029034, 10.3216602], [124.0282852, 10.3211521], [124.0279055, 10.3202794], [124.0273587, 10.3202574], [124.0259993, 10.3182807], [124.0246433, 10.3174528]]]}}, {"type": "Feature", "properties": {"id": 31, "project": "WTEI Reclamation Project (22 Has)", "name": "", "location": "Puerto Princesa", "proponent": "Private", "private_partner": "William C. Tan", "class_type": "Projects Under Application Stage – Prequalified pursuant to EO 74 (with MOU)", "ongoing": "Yes", "area_project_has": 22.0, "area_polygon_has": 22.142}, "geometry": {"type": "Polygon", "coordinates": [[[118.7325223, 9.6901769], [118.733482, 9.6905143], [118.733568, 9.6909239], [118.7341606, 9.6917802], [118.7375156, 9.6916685], [118.73844, 9.6911264], [118.7379511, 9.6897775], [118.7361731, 9.6892243], [118.7335735, 9.6868936], [118.7324898, 9.6870488], [118.7317946, 9.6874402], [118.7317578, 9.688312], [118.7324719, 9.6889338], [118.7325116, 9.6894075], [118.7325223, 9.6901769]]]}}, {"type": "Feature", "properties": {"id": 32, "project": "CEZA Reclamation and Development Project (200 Has)", "name": "Phase 1 - 31.01 Has", "location": "Sta. Ana", "proponent": "CEZA", "private_partner": "Consortium of Agbiag Mining and Development Corp., Cagayan Blue Ocean Offshore Aquamarine Services Corp., and Pelletized Iron and Titanium Vanadium (Phils.) Corp.", "class_type": "Projects Under Application Stage – Prequalified pursuant to EO 74 (with MOU)", "ongoing": "No", "area_project_has": 200.0, "area_polygon_has": 30.964}, "geometry": {"type": "Polygon", "coordinates": [[[122.110386, 18.3765201], [122.1095476, 18.3774612], [122.1088526, 18.3788349], [122.1086116, 18.3799959], [122.1090099, 18.3805134], [122.1099925, 18.3800929], [122.1105368, 18.3798294], [122.1110384, 18.38003], [122.117137, 18.3782142], [122.1175533, 18.3771116], [122.1169742, 18.3762734], [122.116505, 18.376089], [122.1155817, 18.3759255], [122.1146964, 18.3756885], [122.1137467, 18.375395], [122.1125299, 18.3758219], [122.111539, 18.3763026], [122.1107232, 18.3768341], [122.110386, 18.3765201]]]}}, {"type": "Feature", "properties": {"id": 32, "project": "CEZA Reclamation and Development Project (200 Has)", "name": "Phase 2 - 52.13 Has", "location": "Sta. Ana", "proponent": "CEZA", "private_partner": "Consortium of Agbiag Mining and Development Corp., Cagayan Blue Ocean Offshore Aquamarine Services Corp., and Pelletized Iron and Titanium Vanadium (Phils.) Corp.", "class_type": "Projects Under Application Stage – Prequalified pursuant to EO 74 (with MOU)", "ongoing": "No", "area_project_has": 200.0, "area_polygon_has": 51.594}, "geometry": {"type": "Polygon", "coordinates": [[[122.131913, 18.3872529], [122.1304524, 18.3815405], [122.1290208, 18.382205], [122.1251747, 18.3832341], [122.1258427, 18.3856716], [122.1263955, 18.3883193], [122.1273631, 18.3915596], [122.1307496, 18.3908054], [122.1312104, 18.3874059], [122.131913, 18.3872529]]]}}, {"type": "Feature", "properties": {"id": 32, "project": "CEZA Reclamation and Development Project (200 Has)", "name": "Phase 3 - 117.95 Has", "location": "Sta. Ana", "proponent": "CEZA", "private_partner": "Consortium of Agbiag Mining and Development Corp., Cagayan Blue Ocean Offshore Aquamarine Services Corp., and Pelletized Iron and Titanium Vanadium (Phils.) Corp.", "class_type": "Projects Under Application Stage – Prequalified pursuant to EO 74 (with MOU)", "ongoing": "No", "area_project_has": 200.0, "area_polygon_has": 117.552}, "geometry": {"type": "Polygon", "coordinates": [[[122.1172691, 18.3878854], [122.1126845, 18.3869414], [122.1106454, 18.3854554], [122.1099062, 18.383385], [122.1084234, 18.3836406], [122.1084613, 18.3831538], [122.1077357, 18.382163], [122.1069656, 18.3817279], [122.1057667, 18.3819808], [122.104465, 18.3825746], [122.1037889, 18.3835679], [122.0976321, 18.3857831], [122.0981757, 18.3908], [122.1005371, 18.3920724], [122.1034608, 18.390296], [122.1169274, 18.3887006], [122.1172691, 18.3878854]]]}}, {"type": "Feature", "properties": {"id": 33, "project": "CEZA’s Port Irene Development Project (1,181 Has)", "name": "Phase 1 & 2 Reclamation", "location": "Sta. Ana", "proponent": "CEZA", "private_partner": "n/a", "class_type": "Projects Under Application Stage – Prequalified pursuant to EO 74 (with MOU)", "ongoing": "No", "area_project_has": 4.9, "area_polygon_has": 372.973}, "geometry": {"type": "Polygon", "coordinates": [[[122.0977482, 18.3720699], [122.0976777, 18.3713493], [122.0935996, 18.3735354], [122.0921139, 18.3709333], [122.0860027, 18.374151], [122.1023155, 18.4024098], [122.1064365, 18.4002389], [122.0981207, 18.385842], [122.1030678, 18.383238], [122.1085443, 18.3927219], [122.1151499, 18.3892335], [122.1096722, 18.3797727], [122.1154567, 18.3767107], [122.1168586, 18.3791005], [122.1207958, 18.3770333], [122.1195306, 18.3755645], [122.1189016, 18.3750778], [122.1182992, 18.3747189], [122.1173489, 18.3746607], [122.1164713, 18.3746135], [122.1157438, 18.3746029], [122.1145008, 18.374649], [122.1135037, 18.3749157], [122.1125842, 18.3752082], [122.1117266, 18.3755312], [122.1108872, 18.3760123], [122.1106887, 18.3762371], [122.1103135, 18.3775102], [122.1099845, 18.3778885], [122.1095022, 18.3780079], [122.1093458, 18.3779405], [122.1090053, 18.3785255], [122.108694, 18.3795591], [122.1087956, 18.3802655], [122.1090304, 18.3805816], [122.1091826, 18.3804919], [122.1099314, 18.3814737], [122.1103822, 18.3813044], [122.1105562, 18.3816657], [122.1106755, 18.3816163], [122.1111381, 18.3832463], [122.1110164, 18.383252], [122.1107597, 18.3823845], [122.1103122, 18.3826423], [122.1102942, 18.3827835], [122.1102641, 18.3828296], [122.110329, 18.3831806], [122.1078737, 18.3837505], [122.1074222, 18.3825301], [122.1075974, 18.3823054], [122.1075723, 18.3822453], [122.1074708, 18.3821549], [122.1073826, 18.3821959], [122.1073407, 18.3823148], [122.1071607, 18.3823866], [122.1069619, 18.3822845], [122.1067045, 18.3821946], [122.106444, 18.3821973], [122.106202, 18.3822214], [122.1059221, 18.3822515], [122.1057011, 18.3823556], [122.1055042, 18.3823446], [122.1053037, 18.3822376], [122.1049065, 18.382366], [122.1046593, 18.3825418], [122.1042944, 18.3830069], [122.1041351, 18.3833087], [122.1040276, 18.3835368], [122.1038861, 18.3837172], [122.1036414, 18.383815], [122.1034643, 18.3837896], [122.103367, 18.3837617], [122.1030678, 18.383238], [122.1025351, 18.3835345], [122.1021075, 18.3834761], [122.1017834, 18.3834005], [122.1005771, 18.3824276], [122.1002063, 18.3823215], [122.0999907, 18.3820689], [122.0996533, 18.3815581], [122.0994685, 18.3811829], [122.0991809, 18.3800337], [122.0989868, 18.3793439], [122.0988219, 18.378905], [122.0986461, 18.3785214], [122.0982701, 18.3781979], [122.0979628, 18.3779084], [122.0975812, 18.3773957], [122.0973655, 18.3766576], [122.0972665, 18.3758098], [122.0972219, 18.375147], [122.0972486, 18.374677], [122.0973539, 18.3738286], [122.0974612, 18.3731135], [122.097776, 18.3728516], [122.0978186, 18.3724505], [122.0977482, 18.3720699]]]}}, {"type": "Feature", "properties": {"id": 34, "project": "PNOC’s Energy Supply Base Port Development Project (3.772 Has)", "name": "", "location": "Mabini", "proponent": "PNOC", "private_partner": "n/a", "class_type": "Projects Under Application Stage – Prequalified pursuant to EO 74 (with MOU)", "ongoing": "No", "area_project_has": null, "area_polygon_has": 3.797}, "geometry": {"type": "Polygon", "coordinates": [[[120.9563465, 13.7546285], [120.9554889, 13.7550499], [120.9571466, 13.7581265], [120.9579304, 13.7577902], [120.9563465, 13.7546285]]]}}, {"type": "Feature", "properties": {"id": 35, "project": "Bislig Bay Reclamation Project (146.6107 Has)", "name": "", "location": "Bislig City", "proponent": "Bislig City", "private_partner": "n/a", "class_type": "Projects Under Application Stage – Prequalified pursuant to EO 74 (with MOU)", "ongoing": "No", "area_project_has": 146.611, "area_polygon_has": 146.265}, "geometry": {"type": "Polygon", "coordinates": [[[126.3242104, 8.2059717], [126.3232267, 8.2098326], [126.3256634, 8.2105337], [126.3267928, 8.2069683], [126.3413891, 8.1876769], [126.3463718, 8.1885925], [126.3527575, 8.1925945], [126.3538686, 8.1905755], [126.3522647, 8.1897164], [126.3525013, 8.1894795], [126.3483669, 8.1863986], [126.3405818, 8.1848371], [126.3395369, 8.1855434], [126.3255678, 8.2035043], [126.3242104, 8.2059717]]]}}, {"type": "Feature", "properties": {"id": 36, "project": "Leganes Reclamation Project (960 Has)", "name": "Lot 1 - 250.42 Has", "location": "Leganes", "proponent": "Leganes", "private_partner": "n/a", "class_type": "Projects Under Application Stage – Prequalified pursuant to EO 74 (with MOU)", "ongoing": "No", "area_project_has": 960.0, "area_polygon_has": 250.192}, "geometry": {"type": "Polygon", "coordinates": [[[122.5912792, 10.749714], [122.5934585, 10.7529142], [122.6061539, 10.7440391], [122.6033962, 10.737966], [122.6024927, 10.732827], [122.5991201, 10.7325968], [122.5972275, 10.7343787], [122.5886185, 10.740304], [122.5912792, 10.749714]]]}}, {"type": "Feature", "properties": {"id": 36, "project": "Leganes Reclamation Project (960 Has)", "name": "Lot 2 - 250.42 Has", "location": "Leganes", "proponent": "Leganes", "private_partner": "n/a", "class_type": "Projects Under Application Stage – Prequalified pursuant to EO 74 (with MOU)", "ongoing": "No", "area_project_has": 960.0, "area_polygon_has": 249.659}, "geometry": {"type": "Polygon", "coordinates": [[[122.5986885, 10.7608556], [122.6021595, 10.7639856], [122.6136189, 10.7568857], [122.6090068, 10.7483836], [122.6063917, 10.7446464], [122.5938864, 10.7533346], [122.5986885, 10.7608556]]]}}, {"type": "Feature", "properties": {"id": 36, "project": "Leganes Reclamation Project (960 Has)", "name": "Lot 3 - 218.48 Has", "location": "Leganes", "proponent": "Leganes", "private_partner": "n/a", "class_type": "Projects Under Application Stage – Prequalified pursuant to EO 74 (with MOU)", "ongoing": "No", "area_project_has": 960.0, "area_polygon_has": 217.604}, "geometry": {"type": "Polygon", "coordinates": [[[122.6088937, 10.7679246], [122.6111155, 10.7708269], [122.6126024, 10.7726365], [122.6145504, 10.7737684], [122.6254655, 10.7663759], [122.6140533, 10.7574537], [122.6026889, 10.7643671], [122.6088937, 10.7679246]]]}}, {"type": "Feature", "properties": {"id": 36, "project": "Leganes Reclamation Project (960 Has)", "name": "Lot 4 - 240.65 Has", "location": "Leganes", "proponent": "Leganes", "private_partner": "n/a", "class_type": "Projects Under Application Stage – Prequalified pursuant to EO 74 (with MOU)", "ongoing": "No", "area_project_has": 960.0, "area_polygon_has": 239.687}, "geometry": {"type": "Polygon", "coordinates": [[[122.6175425, 10.775079], [122.61812, 10.7759121], [122.6197843, 10.777546], [122.6215412, 10.7787078], [122.623093, 10.7785154], [122.626455, 10.779637], [122.6276818, 10.7789517], [122.630524, 10.7800679], [122.6313826, 10.7809073], [122.6325467, 10.7808172], [122.6367671, 10.7718737], [122.6395411, 10.7716796], [122.6390654, 10.768561], [122.6268248, 10.7672932], [122.6257433, 10.7668721], [122.6151426, 10.7742281], [122.6175425, 10.775079]]]}}, {"type": "Feature", "properties": {"id": 37, "project": "Bontoc Seashore Protection and Landfill Project (3 Has)", "name": "3-Hectare Bontoc Reclamation Project", "location": "Bontoc", "proponent": "Bontoc", "private_partner": "n/a", "class_type": "Projects Under Application Stage – Prequalified pursuant to EO 74 (with MOU)", "ongoing": "No", "area_project_has": 3.0, "area_polygon_has": 3.001}, "geometry": {"type": "Polygon", "coordinates": [[[124.9722125, 10.3552137], [124.9719839, 10.3550271], [124.9713443, 10.3554551], [124.9707395, 10.3559658], [124.9701142, 10.3567263], [124.9698067, 10.3576064], [124.9709004, 10.3580798], [124.9710583, 10.3569854], [124.9713233, 10.356312], [124.9720039, 10.3554081], [124.9722125, 10.3552137]]]}}, {"type": "Feature", "properties": {"id": 38, "project": "Cebu Province Reclamation Project (254 Has)", "name": "204 Has", "location": "Cordova", "proponent": "Cebu Province", "private_partner": "Cordova Shores Development Corporation", "class_type": "Projects Under Application Stage – Prequalified pursuant to EO 74 (with MOU)", "ongoing": "No", "area_project_has": 254.0, "area_polygon_has": 204.18}, "geometry": {"type": "Polygon", "coordinates": [[[123.9329954, 10.2445807], [123.9352264, 10.2424341], [123.9359661, 10.2437294], [123.9360829, 10.2435855], [123.9355851, 10.2428248], [123.9339382, 10.2402421], [123.935099, 10.2397599], [123.9361155, 10.238773], [123.9372561, 10.2381906], [123.9388393, 10.2405138], [123.9396745, 10.2396368], [123.9406279, 10.2385499], [123.940785, 10.2379581], [123.9407172, 10.2286501], [123.9405851, 10.2278831], [123.9402813, 10.2272461], [123.939264, 10.2268691], [123.9374146, 10.2262905], [123.9336703, 10.2258008], [123.9314286, 10.2258804], [123.9301347, 10.2261456], [123.9294263, 10.2267425], [123.9290489, 10.2274604], [123.9287254, 10.22918], [123.9284558, 10.2318888], [123.9286852, 10.2347232], [123.9290625, 10.2363492], [123.9296944, 10.2381541], [123.9308215, 10.2405236], [123.9328654, 10.2444775], [123.9329954, 10.2445807]]]}}, {"type": "Feature", "properties": {"id": 38, "project": "Cebu Province Reclamation Project (254 Has)", "name": "50 Has", "location": "Cordova", "proponent": "Cebu Province", "private_partner": "Cordova Shores Development Corporation", "class_type": "Projects Under Application Stage – Prequalified pursuant to EO 74 (with MOU)", "ongoing": "No", "area_project_has": 254.0, "area_polygon_has": 50.133}, "geometry": {"type": "Polygon", "coordinates": [[[123.9569276, 10.2520456], [123.9568766, 10.2521188], [123.9571528, 10.2524677], [123.9578173, 10.2527858], [123.9582563, 10.252358], [123.9597723, 10.244164], [123.9564193, 10.2422641], [123.9526931, 10.2484286], [123.9535894, 10.2490223], [123.9537349, 10.249114], [123.9538484, 10.2491985], [123.9539081, 10.2492292], [123.9539951, 10.2493154], [123.9569276, 10.2520456]]]}}, {"type": "Feature", "properties": {"id": 39, "project": "New Cebu International Container Port Component Project (25 Has)", "name": "Port Area", "location": "Consolacion", "proponent": "DOTr", "private_partner": "n/a", "class_type": "Projects Under Application Stage – Prequalified pursuant to EO 74 (with MOU)", "ongoing": "No", "area_project_has": 25.0, "area_polygon_has": 25.129}, "geometry": {"type": "Polygon", "coordinates": [[[123.9933213, 10.3496091], [123.9914557, 10.3537384], [123.9956614, 10.3554927], [123.9975572, 10.3513501], [123.9933213, 10.3496091]]]}}, {"type": "Feature", "properties": {"id": 40, "project": "Davao City Reclamation Project (57.3012 Has)", "name": "1", "location": "Davao City", "proponent": "Davao City", "private_partner": "n/a", "class_type": "Projects Under Application Stage – Prequalified pursuant to EO 74 (with MOU)", "ongoing": "No", "area_project_has": 57.301, "area_polygon_has": 12.133}, "geometry": {"type": "Polygon", "coordinates": [[[125.56059, 7.0460972], [125.5605054, 7.0460557], [125.5603713, 7.046116], [125.5603034, 7.0461449], [125.5602346, 7.0461712], [125.5601647, 7.0461948], [125.560094, 7.0462158], [125.5600225, 7.046234], [125.5599504, 7.0462494], [125.5598778, 7.046262], [125.5598047, 7.0462719], [125.5597313, 7.0462789], [125.5597313, 7.0462789], [125.558688, 7.0463584], [125.558688, 7.0463584], [125.5576448, 7.046438], [125.5575632, 7.0464438], [125.5574817, 7.0464489], [125.5574001, 7.0464533], [125.5573184, 7.046457], [125.5572776, 7.0464585], [125.5572367, 7.0464599], [125.557155, 7.0464622], [125.5570733, 7.0464636], [125.5569916, 7.0464644], [125.5569098, 7.0464644], [125.5545998, 7.0464548], [125.5545303, 7.046454], [125.5544609, 7.0464524], [125.5543915, 7.04645], [125.5543221, 7.0464466], [125.5542874, 7.0464445], [125.5542527, 7.0464424], [125.5541834, 7.0464373], [125.5541142, 7.0464314], [125.5540451, 7.0464246], [125.553976, 7.0464169], [125.5530503, 7.0463081], [125.5530176, 7.0463041], [125.552985, 7.0462999], [125.5529524, 7.0462955], [125.5529198, 7.0462908], [125.5528873, 7.046286], [125.5528548, 7.0462809], [125.5528223, 7.0462755], [125.5527899, 7.0462699], [125.5527575, 7.0462641], [125.5527575, 7.0462641], [125.5520204, 7.0461293], [125.5519884, 7.0461234], [125.5519564, 7.0461174], [125.5519245, 7.0461112], [125.5518925, 7.046105], [125.5518606, 7.0460986], [125.5518287, 7.0460921], [125.5517968, 7.0460855], [125.551765, 7.0460788], [125.5517331, 7.046072], [125.5499412, 7.0456846], [125.5498167, 7.0456568], [125.5496926, 7.0456272], [125.5495688, 7.045596], [125.5494456, 7.0455629], [125.5493228, 7.0455282], [125.5492005, 7.0454918], [125.5490787, 7.0454537], [125.5489575, 7.0454139], [125.5488369, 7.0453724], [125.5488369, 7.0453724], [125.5488369, 7.0453724], [125.5460524, 7.0443929], [125.5460428, 7.0443895], [125.5460332, 7.0443862], [125.5460237, 7.0443828], [125.5460141, 7.0443794], [125.5460045, 7.044376], [125.5459949, 7.0443727], [125.5459854, 7.0443693], [125.5459758, 7.0443659], [125.5459662, 7.0443625], [125.5459662, 7.0443625], [125.5450138, 7.0440263], [125.5449487, 7.044003], [125.5448838, 7.0439793], [125.5448191, 7.0439551], [125.5447546, 7.0439304], [125.5446903, 7.0439052], [125.5446262, 7.0438795], [125.5445623, 7.0438533], [125.5444985, 7.0438267], [125.544435, 7.0437996], [125.5432223, 7.0432764], [125.5431289, 7.0432355], [125.5430359, 7.0431936], [125.5429435, 7.0431506], [125.5428515, 7.0431066], [125.54276, 7.0430616], [125.542669, 7.0430155], [125.5425786, 7.0429685], [125.5424886, 7.0429204], [125.5423992, 7.0428714], [125.5423712, 7.0428558], [125.5422821, 7.0430205], [125.5421761, 7.043214], [125.5426269, 7.0434056], [125.5427617, 7.0432267], [125.5429283, 7.0432973], [125.5427934, 7.0434764], [125.5430453, 7.0435835], [125.5431435, 7.0434651], [125.5429582, 7.0433851], [125.54297, 7.0433663], [125.5430664, 7.0432131], [125.5439308, 7.0436415], [125.5439794, 7.0436656], [125.5438754, 7.0438136], [125.5438546, 7.0438432], [125.5439101, 7.0438727], [125.5451455, 7.0444211], [125.5462461, 7.0448777], [125.5480562, 7.0454317], [125.5480261, 7.0455023], [125.5492074, 7.0458452], [125.5489957, 7.0465037], [125.5490054, 7.0465819], [125.5490122, 7.04659], [125.5490651, 7.046653], [125.5491184, 7.0467165], [125.5491701, 7.0467782], [125.5492201, 7.046837], [125.5492639, 7.04689], [125.5492815, 7.0469109], [125.5493058, 7.0469398], [125.5504559, 7.0473892], [125.551059, 7.0473379], [125.551297, 7.0471347], [125.551365, 7.0473582], [125.5516451, 7.0476086], [125.5518391, 7.0472924], [125.5520088, 7.0473699], [125.5521219, 7.047525], [125.5522162, 7.0475501], [125.5524244, 7.0474257], [125.5526329, 7.0466985], [125.5531889, 7.0467192], [125.5562867, 7.046667], [125.5567297, 7.047074], [125.5574195, 7.0466334], [125.5591598, 7.0467505], [125.5590128, 7.0471382], [125.5602491, 7.0467029], [125.56059, 7.0460972]]]}}, {"type": "Feature", "properties": {"id": 40, "project": "Davao City Reclamation Project (57.3012 Has)", "name": "2", "location": "Davao City", "proponent": "Davao City", "private_partner": "n/a", "class_type": "Projects Under Application Stage – Prequalified pursuant to EO 74 (with MOU)", "ongoing": "No", "area_project_has": 57.301, "area_polygon_has": 10.461}, "geometry": {"type": "Polygon", "coordinates": [[[125.565953, 7.0436069], [125.5657609, 7.0447021], [125.5660247, 7.0445517], [125.5660042, 7.0445145], [125.5661099, 7.0444582], [125.5660855, 7.044398], [125.5662325, 7.0442782], [125.5660831, 7.0440543], [125.5665861, 7.0438062], [125.5667735, 7.0437655], [125.5670898, 7.0436455], [125.5673875, 7.0440355], [125.5673723, 7.0440571], [125.5672722, 7.0440736], [125.5671622, 7.0441267], [125.5671884, 7.0441819], [125.5671684, 7.0442831], [125.5671857, 7.0442772], [125.5674445, 7.0444284], [125.5675106, 7.0443749], [125.5673098, 7.0441691], [125.5674146, 7.044106], [125.5675054, 7.0442709], [125.5675659, 7.0443316], [125.5676192, 7.0443711], [125.5677575, 7.0441977], [125.567704, 7.0435124], [125.567887, 7.0431378], [125.5679219, 7.0430844], [125.5686626, 7.0422583], [125.5689731, 7.0421843], [125.5690551, 7.0421653], [125.569117, 7.0421491], [125.5691343, 7.0421463], [125.5705646, 7.0418011], [125.5708368, 7.0416949], [125.5717836, 7.0413251], [125.5717831, 7.0413236], [125.5722876, 7.041025], [125.5722883, 7.0410259], [125.5722888, 7.0410256], [125.5722889, 7.0410254], [125.5721658, 7.0408696], [125.5723198, 7.0407016], [125.5725712, 7.0404772], [125.572703, 7.0403789], [125.5725266, 7.0401562], [125.573338, 7.0394594], [125.5735255, 7.039696], [125.5741507, 7.0388843], [125.5741405, 7.0388818], [125.5738659, 7.0388305], [125.5735874, 7.0388088], [125.5733081, 7.038817], [125.5730314, 7.038855], [125.5728958, 7.0388886], [125.5727603, 7.0389223], [125.5724979, 7.0390181], [125.5722473, 7.0391415], [125.5720113, 7.0392908], [125.5717926, 7.0394645], [125.5705943, 7.0405258], [125.5705462, 7.0405674], [125.5704972, 7.040608], [125.5704472, 7.0406474], [125.5703964, 7.0406857], [125.5703705, 7.0407043], [125.5703447, 7.0407229], [125.5702922, 7.0407589], [125.5702389, 7.0407937], [125.5701848, 7.0408272], [125.5701299, 7.0408596], [125.568556, 7.0417642], [125.5684995, 7.0417975], [125.5684437, 7.0418318], [125.5683885, 7.0418673], [125.5683341, 7.041904], [125.5683073, 7.0419228], [125.5682805, 7.0419417], [125.5682276, 7.0419804], [125.5681755, 7.0420203], [125.5681242, 7.0420612], [125.5680738, 7.0421031], [125.5671926, 7.0428506], [125.5670809, 7.0429423], [125.5669664, 7.0430306], [125.5668492, 7.0431152], [125.5667294, 7.0431961], [125.5666071, 7.0432733], [125.5664825, 7.0433466], [125.5663557, 7.043416], [125.5662267, 7.0434813], [125.5660958, 7.0435427], [125.5660958, 7.0435427], [125.565953, 7.0436069]]]}}, {"type": "Feature", "properties": {"id": 40, "project": "Davao City Reclamation Project (57.3012 Has)", "name": "3", "location": "Davao City", "proponent": "Davao City", "private_partner": "n/a", "class_type": "Projects Under Application Stage – Prequalified pursuant to EO 74 (with MOU)", "ongoing": "No", "area_project_has": 57.301, "area_polygon_has": 3.935}, "geometry": {"type": "Polygon", "coordinates": [[[125.5820039, 7.0401255], [125.5820039, 7.0401255], [125.5818473, 7.0400633], [125.5816896, 7.0400041], [125.5815308, 7.0399479], [125.5813709, 7.0398947], [125.5812905, 7.0398695], [125.5812101, 7.0398444], [125.5810484, 7.0397973], [125.5808858, 7.0397531], [125.5807224, 7.0397121], [125.5805583, 7.0396741], [125.5788047, 7.0392856], [125.578761, 7.0392767], [125.5787311, 7.0392718], [125.5794122, 7.0401488], [125.5796055, 7.0403316], [125.5799835, 7.0405678], [125.5804562, 7.0408634], [125.58058, 7.0403578], [125.5845665, 7.0412834], [125.5851867, 7.0414238], [125.5820039, 7.0401255], [125.5820039, 7.0401255]]]}}, {"type": "Feature", "properties": {"id": 40, "project": "Davao City Reclamation Project (57.3012 Has)", "name": "4", "location": "Davao City", "proponent": "Davao City", "private_partner": "n/a", "class_type": "Projects Under Application Stage – Prequalified pursuant to EO 74 (with MOU)", "ongoing": "No", "area_project_has": 57.301, "area_polygon_has": 4.932}, "geometry": {"type": "Polygon", "coordinates": [[[125.5970426, 7.044107], [125.5982147, 7.0447908], [125.5985264, 7.0449803], [125.5988925, 7.0450529], [125.5989147, 7.0449456], [125.5989166, 7.0449363], [125.6003817, 7.0451533], [125.6003389, 7.0452799], [125.6003093, 7.0453674], [125.6009913, 7.0454457], [125.6013793, 7.0454921], [125.6016957, 7.0455293], [125.6017862, 7.0455399], [125.6018992, 7.0455531], [125.602066, 7.0455726], [125.6021949, 7.0461779], [125.6022815, 7.0465846], [125.6023412, 7.0468646], [125.6023763, 7.0470293], [125.6027679, 7.0470755], [125.6027518, 7.0470491], [125.6030217, 7.0469333], [125.6033731, 7.047147], [125.6037363, 7.0471898], [125.6036274, 7.0470576], [125.6035369, 7.0469471], [125.6035138, 7.046919], [125.6034303, 7.0468179], [125.6032951, 7.0466534], [125.6031011, 7.0463437], [125.6025662, 7.0454835], [125.6022694, 7.0450038], [125.5970426, 7.044107]]]}}, {"type": "Feature", "properties": {"id": 40, "project": "Davao City Reclamation Project (57.3012 Has)", "name": "5", "location": "Davao City", "proponent": "Davao City", "private_partner": "n/a", "class_type": "Projects Under Application Stage – Prequalified pursuant to EO 74 (with MOU)", "ongoing": "No", "area_project_has": 57.301, "area_polygon_has": 3.502}, "geometry": {"type": "Polygon", "coordinates": [[[125.6110455, 7.0502958], [125.6110338, 7.0501565], [125.6110063, 7.0500194], [125.6109636, 7.0498863], [125.610906, 7.049759], [125.6108344, 7.0496389], [125.6107496, 7.0495277], [125.6106527, 7.0494269], [125.6105451, 7.0493376], [125.610428, 7.0492611], [125.6098338, 7.0489191], [125.6094756, 7.0495413], [125.6095439, 7.0495865], [125.6097161, 7.0496672], [125.6104965, 7.0495844], [125.6106135, 7.0537485], [125.6111934, 7.0545226], [125.6111639, 7.0542943], [125.6111456, 7.0539939], [125.6110455, 7.0502958]]]}}, {"type": "Feature", "properties": {"id": 40, "project": "Davao City Reclamation Project (57.3012 Has)", "name": "7", "location": "Davao City", "proponent": "Davao City", "private_partner": "n/a", "class_type": "Projects Under Application Stage – Prequalified pursuant to EO 74 (with MOU)", "ongoing": "No", "area_project_has": 57.301, "area_polygon_has": 1.324}, "geometry": {"type": "Polygon", "coordinates": [[[125.6231939, 7.068814], [125.6230235, 7.0686945], [125.6228753, 7.0685804], [125.622997, 7.0687328], [125.6235429, 7.0690828], [125.6239586, 7.0693533], [125.6242622, 7.0695826], [125.6247176, 7.0699832], [125.6252975, 7.0703565], [125.6255843, 7.0707041], [125.6258388, 7.0710739], [125.6258446, 7.0712311], [125.6262683, 7.0718552], [125.626715, 7.0728779], [125.6268303, 7.0735504], [125.6265236, 7.0733724], [125.6262957, 7.0736927], [125.6262924, 7.0739612], [125.6263588, 7.0740789], [125.6263921, 7.0741855], [125.6264992, 7.0744465], [125.6264535, 7.0746452], [125.6265482, 7.0748381], [125.6268054, 7.0738063], [125.6268401, 7.073639], [125.6268614, 7.0734695], [125.6268692, 7.0732989], [125.6268634, 7.0731282], [125.6268441, 7.0729585], [125.6268113, 7.0727909], [125.6267654, 7.0726263], [125.6267066, 7.072466], [125.6266352, 7.0723107], [125.6261416, 7.0713408], [125.6260432, 7.0711603], [125.6259347, 7.0709857], [125.6258165, 7.0708176], [125.625689, 7.0706563], [125.6255525, 7.0705026], [125.6254074, 7.0703569], [125.6252544, 7.0702196], [125.6250938, 7.0700912], [125.6249261, 7.0699721], [125.6231939, 7.068814]]]}}, {"type": "Feature", "properties": {"id": 40, "project": "Davao City Reclamation Project (57.3012 Has)", "name": "6", "location": "Davao City", "proponent": "Davao City", "private_partner": "n/a", "class_type": "Projects Under Application Stage – Prequalified pursuant to EO 74 (with MOU)", "ongoing": "No", "area_project_has": 57.301, "area_polygon_has": 0.111}, "geometry": {"type": "Polygon", "coordinates": [[[125.6159576, 7.0618533], [125.6153583, 7.0610421], [125.615731, 7.0617984], [125.6160777, 7.0620198], [125.616058, 7.0619918], [125.6160248, 7.0619454], [125.6159914, 7.0618992], [125.6159576, 7.0618533]]]}}, {"type": "Feature", "properties": {"id": 40, "project": "Davao City Reclamation Project (57.3012 Has)", "name": "8", "location": "Davao City", "proponent": "Davao City", "private_partner": "n/a", "class_type": "Projects Under Application Stage – Prequalified pursuant to EO 74 (with MOU)", "ongoing": "No", "area_project_has": 57.301, "area_polygon_has": 20.901}, "geometry": {"type": "Polygon", "coordinates": [[[125.6418423, 7.0935231], [125.6421244, 7.0934015], [125.6423338, 7.0932858], [125.6425167, 7.0931317], [125.6426662, 7.0929451], [125.6427765, 7.092733], [125.6428435, 7.0925035], [125.6428645, 7.0922654], [125.6428389, 7.0920278], [125.6427675, 7.0917996], [125.6426531, 7.0915897], [125.6409951, 7.0891486], [125.6408965, 7.0890134], [125.6407891, 7.088885], [125.6406735, 7.0887641], [125.64055, 7.0886512], [125.6404193, 7.0885467], [125.6402819, 7.0884512], [125.6401384, 7.088365], [125.6399896, 7.0882885], [125.6398359, 7.0882221], [125.636014, 7.0867196], [125.6358483, 7.0866558], [125.6356818, 7.0865942], [125.6355145, 7.0865349], [125.6353464, 7.0864778], [125.6351775, 7.086423], [125.6350079, 7.0863705], [125.6348376, 7.0863203], [125.6346666, 7.0862724], [125.634495, 7.0862268], [125.6314938, 7.0854513], [125.6313459, 7.0854094], [125.6312, 7.0853607], [125.6310566, 7.0853053], [125.6309159, 7.0852434], [125.6307782, 7.085175], [125.6306438, 7.0851004], [125.630513, 7.0850196], [125.6303861, 7.0849328], [125.6302634, 7.0848403], [125.6271176, 7.0823536], [125.6270124, 7.0822621], [125.6269162, 7.0821613], [125.6268297, 7.082052], [125.6267539, 7.0819351], [125.6266892, 7.0818117], [125.6266364, 7.0816828], [125.6265957, 7.0815496], [125.6265677, 7.0814131], [125.6265525, 7.0812747], [125.6265161, 7.0806964], [125.6265107, 7.0806275], [125.6265033, 7.0805587], [125.6264939, 7.0804903], [125.6264825, 7.0804221], [125.626469, 7.0803544], [125.6264568, 7.0803012], [125.6265064, 7.0809681], [125.626514, 7.0811778], [125.6265365, 7.0814426], [125.6265625, 7.0816632], [125.6266549, 7.0818911], [125.6267656, 7.0820749], [125.6268615, 7.0821962], [125.6269057, 7.0822439], [125.6269315, 7.0822733], [125.6270643, 7.0824056], [125.627138, 7.0824827], [125.6271537, 7.0825066], [125.6271758, 7.0825341], [125.6272026, 7.0825589], [125.6272477, 7.0825966], [125.6274067, 7.0827518], [125.6274514, 7.0828133], [125.6270982, 7.082983], [125.6273156, 7.0831114], [125.6274595, 7.0833393], [125.6277619, 7.0837288], [125.6282781, 7.084221], [125.6285545, 7.0844229], [125.6286098, 7.0844596], [125.6295242, 7.0854], [125.6297376, 7.0853446], [125.6304416, 7.0858586], [125.6308579, 7.086053], [125.6318121, 7.0864122], [125.6327145, 7.0866831], [125.6328579, 7.0865064], [125.6330273, 7.0865466], [125.6332483, 7.0866199], [125.6335577, 7.0867151], [125.633694, 7.0867554], [125.6339114, 7.086825], [125.6340956, 7.0868873], [125.634335, 7.0869568], [125.634475, 7.0870155], [125.6346555, 7.0870704], [125.6347476, 7.0871144], [125.6354143, 7.0873342], [125.635709, 7.0873743], [125.6365783, 7.0876858], [125.6367994, 7.0877811], [125.6369062, 7.0878288], [125.6369946, 7.0878655], [125.6371236, 7.0879094], [125.6373078, 7.0879864], [125.6375694, 7.0880891], [125.63803, 7.0883606], [125.6384723, 7.0887352], [125.6386272, 7.0888674], [125.638782, 7.0889886], [125.6389073, 7.0890804], [125.6390252, 7.0891795], [125.6391543, 7.089286], [125.6393091, 7.0894072], [125.6394747, 7.0893555], [125.6396917, 7.0891823], [125.6398575, 7.0892299], [125.639898, 7.089285], [125.6398136, 7.0894543], [125.6399794, 7.0895497], [125.6400714, 7.0895422], [125.6402926, 7.0897148], [125.6405137, 7.0898653], [125.6406502, 7.0900343], [125.6407461, 7.0901703], [125.640842, 7.0903026], [125.6409858, 7.0904532], [125.6411407, 7.0906111], [125.6412661, 7.0907471], [125.6414541, 7.0909528], [125.6415611, 7.0910777], [125.6408143, 7.0915716], [125.6408958, 7.091954], [125.6410435, 7.0922848], [125.6413461, 7.0927847], [125.6418035, 7.0933578], [125.6418423, 7.0935231]]]}}, {"type": "Feature", "properties": {"id": 42, "project": "Mati City Reclamation Project (57.9848 Has)", "name": "Area 2 - 7.9848 Has", "location": "Mati City", "proponent": "Mati City", "private_partner": "n/a", "class_type": "Projects Under Application Stage – Prequalified pursuant to EO 74 (with MOU)", "ongoing": "No", "area_project_has": 57.985, "area_polygon_has": 7.834}, "geometry": {"type": "Polygon", "coordinates": [[[126.2154572, 6.9504432], [126.209292, 6.9528428], [126.209617, 6.954043], [126.2142028, 6.9518792], [126.2141522, 6.9517286], [126.2148907, 6.9514173], [126.214911, 6.9515779], [126.2153561, 6.951347], [126.2154572, 6.9504432]]]}}, {"type": "Feature", "properties": {"id": 42, "project": "Mati City Reclamation Project (57.9848 Has)", "name": "Area 1 - 50 Has", "location": "Mati City", "proponent": "Mati City", "private_partner": "n/a", "class_type": "Projects Under Application Stage – Prequalified pursuant to EO 74 (with MOU)", "ongoing": "No", "area_project_has": 57.985, "area_polygon_has": 49.792}, "geometry": {"type": "Polygon", "coordinates": [[[126.2066326, 6.9539596], [126.2071115, 6.9517534], [126.2045869, 6.9494929], [126.2018956, 6.9497869], [126.2010534, 6.9494454], [126.1997399, 6.9495782], [126.1989228, 6.950015], [126.1972247, 6.9496351], [126.1953826, 6.9474636], [126.1925534, 6.9430601], [126.1905673, 6.9449831], [126.1940743, 6.9490363], [126.1954, 6.9504878], [126.1967258, 6.95132], [126.1977786, 6.9517264], [126.1982855, 6.9517264], [126.1991239, 6.9509136], [126.1995723, 6.9504491], [126.2003716, 6.9502943], [126.20121, 6.9510297], [126.2022068, 6.9521791], [126.2041564, 6.9530887], [126.2066326, 6.9539596]]]}}, {"type": "Feature", "properties": {"id": 43, "project": "Manila Harbor Center Reclamation Project (50 Has)", "name": "", "location": "Manila City", "proponent": "Manila City", "private_partner": "R-II Builders, Inc.", "class_type": "Projects Under Application Stage – under transitory of EO 74 (with existing contracts with concerned government agencies)", "ongoing": "No", "area_project_has": 50.0, "area_polygon_has": 50.021}, "geometry": {"type": "Polygon", "coordinates": [[[120.9411732, 14.6342283], [120.9429356, 14.6319797], [120.941281, 14.6319765], [120.9413022, 14.6293424], [120.9330812, 14.6292664], [120.9330211, 14.6341464], [120.9411732, 14.6342283]]]}}, {"type": "Feature", "properties": {"id": 44, "project": "PPA – MICT Berth 6 Extension Project", "name": "", "location": "Manila City", "proponent": "Philippine Ports Authority", "private_partner": "International Container Terminal Services Inc. (ICTSI)", "class_type": "Projects Under Application Stage – under transitory of EO 74 (with existing contracts with concerned government agencies)", "ongoing": "No", "area_project_has": null, "area_polygon_has": 46.593}, "geometry": {"type": "Polygon", "coordinates": [[[120.9467871, 14.6099188], [120.9508619, 14.6033055], [120.9486872, 14.6012215], [120.9445671, 14.6037658], [120.9476191, 14.6077505], [120.9464214, 14.6094872], [120.9429064, 14.6050492], [120.9408387, 14.6062935], [120.9451193, 14.6110497], [120.9481245, 14.6117811], [120.9481191, 14.6111079], [120.9467871, 14.6099188]]]}}, {"type": "Feature", "properties": {"id": 45, "project": "Pasay 335-Hectare Reclamation Project (335 Has)", "name": "210 Has", "location": "Pasay City", "proponent": "Pasay City", "private_partner": "SM Prime Holdings, Inc.", "class_type": "Projects Under Application Stage – under transitory of EO 74 (with existing contracts with concerned government agencies)", "ongoing": "No", "area_project_has": 335.0, "area_polygon_has": 213.417}, "geometry": {"type": "Polygon", "coordinates": [[[120.9384875, 14.5414072], [120.9535881, 14.5485894], [120.9543707, 14.5486175], [120.9552402, 14.5483089], [120.9568922, 14.5462047], [120.9579936, 14.5442128], [120.9596165, 14.5405656], [120.9598773, 14.5395836], [120.9595005, 14.5390506], [120.9590078, 14.5387701], [120.9412123, 14.5347302], [120.9405746, 14.5347021], [120.9401689, 14.5350948], [120.9400529, 14.5360206], [120.9394732, 14.53776], [120.9386325, 14.5396958], [120.9381398, 14.5405094], [120.9382557, 14.5410424], [120.9384875, 14.5414072]]]}}, {"type": "Feature", "properties": {"id": 45, "project": "Pasay 335-Hectare Reclamation Project (335 Has)", "name": "125 Has", "location": "Pasay City", "proponent": "Pasay City", "private_partner": "SM Prime Holdings, Inc.", "class_type": "Projects Under Application Stage – under transitory of EO 74 (with existing contracts with concerned government agencies)", "ongoing": "No", "area_project_has": 335.0, "area_polygon_has": 128.033}, "geometry": {"type": "Polygon", "coordinates": [[[120.9418696, 14.5330011], [120.9595444, 14.5369971], [120.9600656, 14.536877], [120.960386, 14.5365888], [120.9605779, 14.535917], [120.9605338, 14.5317159], [120.9603523, 14.5309086], [120.9599761, 14.5303632], [120.9592055, 14.5298422], [120.9417073, 14.5291089], [120.9409142, 14.5294635], [120.9407618, 14.5298895], [120.9407987, 14.5311222], [120.9407883, 14.532144], [120.9410307, 14.5326676], [120.9418696, 14.5330011]]]}}, {"type": "Feature", "properties": {"id": 46, "project": "Parañaque 300-Hectare Reclamation Project (300 Has)", "name": "Island D - 300 Has", "location": "Parañaque City", "proponent": "Parañaque City", "private_partner": "SM Prime Holdings, Inc.", "class_type": "Projects Under Application Stage – under transitory of EO 74 (with existing contracts with concerned government agencies)", "ongoing": "No", "area_project_has": 300.0, "area_polygon_has": 330.063}, "geometry": {"type": "Polygon", "coordinates": [[[120.9655052, 14.5291863], [120.9764764, 14.5293177], [120.9766039, 14.5293261], [120.9767201, 14.5292824], [120.9768017, 14.5292455], [120.9768709, 14.5291871], [120.9769533, 14.5291108], [120.9770037, 14.5290275], [120.9770346, 14.5289541], [120.9770557, 14.528883], [120.977065, 14.5287966], [120.9771585, 14.5269786], [120.9772354, 14.5251302], [120.977349, 14.5231848], [120.9773826, 14.5226954], [120.9773941, 14.5218796], [120.9773564, 14.5204746], [120.9772932, 14.5190933], [120.9771147, 14.5182921], [120.976794, 14.5170756], [120.976067, 14.5153217], [120.9745173, 14.5125881], [120.9743249, 14.5122107], [120.9739763, 14.5115356], [120.9738257, 14.5112941], [120.9736652, 14.5111668], [120.9735514, 14.5111018], [120.9733682, 14.511056], [120.9731772, 14.5110378], [120.9730148, 14.511051], [120.9728582, 14.5110858], [120.9727067, 14.5111472], [120.9725533, 14.5112026], [120.9723935, 14.5112684], [120.972224, 14.5113176], [120.9720416, 14.5113332], [120.9718645, 14.5113197], [120.971696, 14.5112653], [120.9715654, 14.5111974], [120.9714516, 14.5111459], [120.9712854, 14.5109982], [120.9710628, 14.5109074], [120.9708209, 14.5109128], [120.9706423, 14.5109128], [120.9704378, 14.5108927], [120.9702555, 14.5108457], [120.9701062, 14.5107819], [120.9700153, 14.5107306], [120.9698702, 14.5106575], [120.9697464, 14.5106078], [120.9695351, 14.5105859], [120.9693762, 14.5106133], [120.9692096, 14.510652], [120.9644736, 14.5133908], [120.9659736, 14.5159222], [120.9657589, 14.51605], [120.9654954, 14.5163257], [120.9652102, 14.5166247], [120.9649774, 14.5168516], [120.9647409, 14.5171487], [120.9644945, 14.5174653], [120.9643562, 14.5177299], [120.9603693, 14.5159195], [120.9611988, 14.515455], [120.9613429, 14.515762], [120.9616343, 14.5155579], [120.9613559, 14.5151194], [120.9601298, 14.5158411], [120.9585423, 14.5168365], [120.954115, 14.5193667], [120.9543012, 14.5196582], [120.9551389, 14.5191631], [120.9565516, 14.5199762], [120.9578276, 14.5209824], [120.9587699, 14.5219272], [120.9595925, 14.5229674], [120.9602768, 14.5238962], [120.9607914, 14.5248633], [120.9610838, 14.525432], [120.9613325, 14.5260516], [120.961504, 14.5264224], [120.9617216, 14.5267844], [120.9619523, 14.5270992], [120.962235, 14.5274943], [120.962605, 14.5278093], [120.9632036, 14.5282993], [120.963888, 14.5286313], [120.9646028, 14.5290293], [120.9655052, 14.5291863]]]}}, {"type": "Feature", "properties": {"id": 47, "project": "Parañaque 300-Hectare Reclamation Project (300 Has)", "name": "286.86 based on draft EIS", "location": "Parañaque City", "proponent": "Parañaque City", "private_partner": "Century Peak Corporation", "class_type": "Projects Under Application Stage – under transitory of EO 74 (with existing contracts with concerned government agencies)", "ongoing": "No", "area_project_has": 286.86, "area_polygon_has": 293.182}, "geometry": {"type": "Polygon", "coordinates": [[[120.9640512, 14.5127461], [120.9660471, 14.5114619], [120.9619338, 14.5039384], [120.960826, 14.5030693], [120.9549985, 14.5022528], [120.9545248, 14.5020075], [120.9541273, 14.5018015], [120.9537461, 14.5015855], [120.9533541, 14.5012385], [120.9531048, 14.5009833], [120.9528587, 14.5006726], [120.9527326, 14.5003802], [120.9525807, 14.5000662], [120.9523026, 14.4998422], [120.9519221, 14.4996352], [120.9515, 14.499575], [120.9510354, 14.499575], [120.9505347, 14.4997271], [120.9486586, 14.5011026], [120.9484738, 14.5012492], [120.9484186, 14.5014121], [120.9438141, 14.5187398], [120.9437696, 14.5211299], [120.944174, 14.5217851], [120.9445902, 14.5217119], [120.9511319, 14.5178207], [120.9513457, 14.5175919], [120.9514189, 14.5172706], [120.9513235, 14.5164653], [120.9513807, 14.5159657], [120.9515606, 14.5154396], [120.9518412, 14.5149737], [120.9522152, 14.5146007], [120.9526557, 14.5143009], [120.9531625, 14.5141048], [120.9537056, 14.5140259], [120.954244, 14.514044], [120.954776, 14.5141938], [120.9552709, 14.5144586], [120.9556876, 14.5148002], [120.9560123, 14.5149591], [120.9563507, 14.5148898], [120.9619779, 14.5118156], [120.9640512, 14.5127461]]]}}, {"type": "Feature", "properties": {"id": 51, "project": "Cordova-SM Reclamation Project (1,500 Has)", "name": "Island A", "location": "Cordova", "proponent": "Cordova", "private_partner": "SM Prime Holdings, Inc.", "class_type": "Projects Under Application Stage – under transitory of EO 74 (with existing contracts with concerned government agencies)", "ongoing": "No", "area_project_has": 1500.0, "area_polygon_has": 240.167}, "geometry": {"type": "Polygon", "coordinates": [[[123.9174416, 10.2708714], [123.9155899, 10.270356], [123.9139164, 10.2697056], [123.9123664, 10.2687774], [123.9107756, 10.2678017], [123.909144, 10.2670226], [123.9073875, 10.2665619], [123.9056244, 10.2663961], [123.9037237, 10.2665385], [123.9020296, 10.2670061], [123.9002943, 10.267555], [123.8984764, 10.2678599], [123.8966791, 10.2680225], [123.8951504, 10.2679209], [123.8953156, 10.2700756], [123.8955431, 10.2719005], [123.8959152, 10.2736625], [123.8964035, 10.275413], [123.8969268, 10.2771406], [123.8976075, 10.2788179], [123.8985493, 10.280351], [123.8993284, 10.2807858], [123.9002354, 10.2808888], [123.9019272, 10.2802657], [123.9035644, 10.2794658], [123.9052129, 10.2786548], [123.9068614, 10.2777882], [123.9084287, 10.2769279], [123.9100433, 10.2760724], [123.9116353, 10.2751836], [123.9131666, 10.2742382], [123.9147371, 10.2732698], [123.9161617, 10.2721656], [123.9174416, 10.2708714]]]}}, {"type": "Feature", "properties": {"id": 51, "project": "Cordova-SM Reclamation Project (1,500 Has)", "name": "Island B", "location": "Cordova", "proponent": "Cordova", "private_partner": "SM Prime Holdings, Inc.", "class_type": "Projects Under Application Stage – under transitory of EO 74 (with existing contracts with concerned government agencies)", "ongoing": "No", "area_project_has": 1500.0, "area_polygon_has": 356.7}, "geometry": {"type": "Polygon", "coordinates": [[[123.9208966, 10.2642929], [123.9212089, 10.2631532], [123.9190686, 10.2620235], [123.917318, 10.2613607], [123.9156033, 10.2608959], [123.9138361, 10.2600179], [123.9124805, 10.2591385], [123.9113031, 10.2577185], [123.9105246, 10.256078], [123.910196, 10.254326], [123.9098872, 10.2525342], [123.9090213, 10.2509592], [123.907652, 10.2497539], [123.9059738, 10.2490058], [123.9042484, 10.2484503], [123.9024562, 10.2481033], [123.900807, 10.2480332], [123.9000488, 10.2498627], [123.8992082, 10.2514137], [123.8983938, 10.2530423], [123.8975269, 10.2546967], [123.8969227, 10.2563769], [123.8963447, 10.2581089], [123.8958506, 10.2598471], [123.8954865, 10.2615871], [123.89533, 10.2633645], [123.895146, 10.2657523], [123.8963665, 10.2661078], [123.8981727, 10.266255], [123.9000038, 10.2660896], [123.9017226, 10.26554], [123.9035238, 10.2650481], [123.9053177, 10.2646671], [123.9070767, 10.2646491], [123.9088813, 10.2651491], [123.9104695, 10.2660028], [123.9119742, 10.2669943], [123.9135427, 10.2679628], [123.9152012, 10.2686365], [123.9169966, 10.2691605], [123.918579, 10.2694749], [123.9195984, 10.2676484], [123.9203352, 10.2660297], [123.9208966, 10.2642929]]]}}, {"type": "Feature", "properties": {"id": 51, "project": "Cordova-SM Reclamation Project (1,500 Has)", "name": "Island C", "location": "Cordova", "proponent": "Cordova", "private_partner": "SM Prime Holdings, Inc.", "class_type": "Projects Under Application Stage – under transitory of EO 74 (with existing contracts with concerned government agencies)", "ongoing": "No", "area_project_has": 1500.0, "area_polygon_has": 500.18}, "geometry": {"type": "Polygon", "coordinates": [[[123.9288981, 10.2518024], [123.9274838, 10.2511118], [123.9258833, 10.2502493], [123.9245996, 10.2497572], [123.923232, 10.249031], [123.9217124, 10.2480271], [123.9202901, 10.246882], [123.919031, 10.245579], [123.9178805, 10.2441265], [123.9169381, 10.2426717], [123.9161132, 10.2409843], [123.9154619, 10.2393181], [123.914572, 10.2377588], [123.9134052, 10.2362752], [123.9120377, 10.2352072], [123.9104531, 10.2342459], [123.9088034, 10.2334341], [123.907132, 10.2327504], [123.9054604, 10.2320239], [123.9036367, 10.2315753], [123.9013572, 10.2310411], [123.900839, 10.2321537], [123.9003208, 10.2339021], [123.9000247, 10.235699], [123.9000247, 10.237496], [123.9001476, 10.2392929], [123.9006413, 10.2411142], [123.9010855, 10.2428383], [123.9012828, 10.2446355], [123.9011831, 10.2458843], [123.903356, 10.2466617], [123.9051575, 10.2471717], [123.9069093, 10.2476574], [123.9086856, 10.2481188], [123.9102152, 10.2489928], [123.911498, 10.2503282], [123.9119925, 10.2520461], [123.9118742, 10.2538306], [123.9120367, 10.2556497], [123.9128251, 10.2572791], [123.9141129, 10.2585464], [123.9175069, 10.2597846], [123.9192679, 10.2602761], [123.9209812, 10.2608832], [123.9225139, 10.2613791], [123.9242914, 10.2603675], [123.9258272, 10.2594464], [123.9274314, 10.2585407], [123.9286938, 10.2572209], [123.9293847, 10.2556065], [123.9294241, 10.253808], [123.9288981, 10.2518024]]]}}, {"type": "Feature", "properties": {"id": 51, "project": "Cordova-SM Reclamation Project (1,500 Has)", "name": "Island D", "location": "Cordova", "proponent": "Cordova", "private_partner": "SM Prime Holdings, Inc.", "class_type": "Projects Under Application Stage – under transitory of EO 74 (with existing contracts with concerned government agencies)", "ongoing": "No", "area_project_has": 1500.0, "area_polygon_has": 403.368}, "geometry": {"type": "Polygon", "coordinates": [[[123.9326025, 10.2311875], [123.9321461, 10.2304165], [123.9314625, 10.2298685], [123.9307798, 10.2297094], [123.9298435, 10.2295366], [123.9280469, 10.2291831], [123.9262863, 10.2286528], [123.9245078, 10.2281402], [123.9228371, 10.2275038], [123.9211305, 10.2268497], [123.9195259, 10.226006], [123.9178371, 10.2251575], [123.9163639, 10.2242205], [123.9146932, 10.2235134], [123.9128608, 10.2232659], [123.9110644, 10.2234957], [123.909368, 10.223927], [123.9076146, 10.2246042], [123.9060102, 10.2256027], [123.9045943, 10.2266883], [123.9032442, 10.2280494], [123.9034747, 10.2282114], [123.9044791, 10.2272068], [123.9060102, 10.2259592], [123.9068829, 10.2273851], [123.9076896, 10.2287137], [123.9061749, 10.2300747], [123.9043309, 10.2286165], [123.9041662, 10.2288757], [123.9064455, 10.2306094], [123.9080755, 10.2315171], [123.9097006, 10.2322599], [123.9114128, 10.2328595], [123.9132072, 10.2333132], [123.9148698, 10.2340584], [123.9162031, 10.2352896], [123.91708, 10.2368565], [123.9174708, 10.2385739], [123.9178823, 10.240372], [123.9185623, 10.2420265], [123.9194676, 10.243614], [123.9206033, 10.2450233], [123.9219695, 10.246222], [123.9234233, 10.2472734], [123.9251023, 10.2480834], [123.9268309, 10.2485686], [123.9282133, 10.2476293], [123.9281311, 10.2458192], [123.928164, 10.2440212], [123.9284274, 10.2422235], [123.9287896, 10.2404903], [123.9292834, 10.2386923], [123.9299684, 10.2371004], [123.930808, 10.2354482], [123.9318286, 10.2339417], [123.9326682, 10.2323703], [123.9326025, 10.2311875]]]}}, {"type": "Feature", "properties": {"id": 52, "project": "Cebu Agro-Industrial and Logistical Center Reclamation (Has)", "name": "", "location": "Consolacion", "proponent": "Consolacion", "private_partner": "Mega Harbour Port and Development Incorporated", "class_type": "Projects Under Application Stage – under transitory of EO 74 (with existing contracts with concerned government agencies)", "ongoing": "No", "area_project_has": 50.0, "area_polygon_has": 29.738}, "geometry": {"type": "Polygon", "coordinates": [[[123.9956648, 10.355496], [123.9914454, 10.3537357], [123.9903968, 10.3560046], [123.997021, 10.3589772], [123.998826, 10.3541176], [123.9967056, 10.3532152], [123.9956648, 10.355496]]]}}, {"type": "Feature", "properties": {"id": 53, "project": "PP27 Reclamation Project (14 Has)", "name": "", "location": "Manila City", "proponent": "PN", "private_partner": "n/a", "class_type": "Projects Other Pipeline Projects under EO 74", "ongoing": "No", "area_project_has": 14.0, "area_polygon_has": 15.942}, "geometry": {"type": "Polygon", "coordinates": [[[120.9837243, 14.5614166], [120.9847782, 14.5619401], [120.9851526, 14.5613361], [120.9851664, 14.5613093], [120.9858736, 14.5601283], [120.9823932, 14.5581419], [120.9802993, 14.5618461], [120.9819633, 14.5627184], [120.9837243, 14.5614166]]]}}, {"type": "Feature", "properties": {"id": 54, "project": "PP88 Reclamation Project (55.30 Has)", "name": "", "location": "Bacoor City", "proponent": "PN", "private_partner": "n/a", "class_type": "Projects Other Pipeline Projects under EO 74", "ongoing": "No", "area_project_has": 55.3, "area_polygon_has": 67.075}, "geometry": {"type": "Polygon", "coordinates": [[[120.9062457, 14.4820198], [120.9151736, 14.4820786], [120.9142579, 14.4816616], [120.9142803, 14.4750461], [120.906254, 14.4750678], [120.9062457, 14.4820198]]]}}, {"type": "Feature", "properties": {"id": 55, "project": "Sangley Point International Airport Reclamation Project (1,900 Has)", "name": "143 Has", "location": "Sangley Point", "proponent": "Cavite Province", "private_partner": "n/a", "class_type": "Projects Other Pipeline Projects under EO 74", "ongoing": "No", "area_project_has": 1900.0, "area_polygon_has": 142.943}, "geometry": {"type": "Polygon", "coordinates": [[[120.9138137, 14.4955571], [120.9192334, 14.4961407], [120.9140832, 14.4840094], [120.9126589, 14.4840095], [120.9114204, 14.4840096], [120.9093744, 14.4834743], [120.9072708, 14.4837718], [120.9046083, 14.4846652], [120.9038652, 14.4842481], [120.9036173, 14.4843673], [120.9033241, 14.486494], [120.9041818, 14.4879869], [120.9053835, 14.4894813], [120.9077053, 14.4928907], [120.9086692, 14.4933275], [120.9107144, 14.4939733], [120.9138137, 14.4955571]]]}}, {"type": "Feature", "properties": {"id": 55, "project": "Sangley Point International Airport Reclamation Project (1,900 Has)", "name": "1446 Has", "location": "Sangley Point", "proponent": "Cavite Province", "private_partner": "n/a", "class_type": "Projects Other Pipeline Projects under EO 74", "ongoing": "No", "area_project_has": 1900.0, "area_polygon_has": 1440.709}, "geometry": {"type": "Polygon", "coordinates": [[[120.8817325, 14.4639114], [120.8797941, 14.4621824], [120.8668785, 14.4782682], [120.8670347, 14.4806596], [120.8676874, 14.4815987], [120.8682279, 14.481913], [120.8611607, 14.4904822], [120.8608151, 14.4915605], [120.8609917, 14.4921441], [120.8815304, 14.5083421], [120.8861323, 14.5121503], [120.892134, 14.5166493], [120.8940936, 14.5179932], [120.8945129, 14.5182543], [120.8948249, 14.5183301], [120.8951837, 14.5181786], [120.8988279, 14.5142072], [120.9104603, 14.4995655], [120.9006981, 14.495918], [120.9000157, 14.4952766], [120.8992406, 14.4943832], [120.8979441, 14.4936966], [120.8935314, 14.4922731], [120.8921448, 14.4892533], [120.891532, 14.4871525], [120.8911413, 14.4830757], [120.8905403, 14.4805956], [120.8880413, 14.4773118], [120.8867029, 14.4749306], [120.8855477, 14.4717981], [120.8848074, 14.4683019], [120.8837408, 14.4667256], [120.8834625, 14.4662167], [120.8830462, 14.4656914], [120.8817325, 14.4639114]]]}}, {"type": "Feature", "properties": {"id": 56, "project": "Port Irene Rehabilitation and Development Project of CEZA (4.9 Has)", "name": "5 Hectare proposed recla", "location": "Sta. Ana", "proponent": "CEZA", "private_partner": "n/a", "class_type": "Projects Other Pipeline Projects under EO 74", "ongoing": "No", "area_project_has": 1181.0, "area_polygon_has": 5.009}, "geometry": {"type": "Polygon", "coordinates": [[[122.1097841, 18.3816562], [122.1105145, 18.3817002], [122.1091992, 18.3775781], [122.1080835, 18.3800734], [122.1082229, 18.3801102], [122.109622, 18.3813463], [122.1097385, 18.3815283], [122.1097841, 18.3816562]]]}}]}